station_id,requested_datetime_utc,datetime_ict,date_utc,hour_utc,hour_ict,status,message,n_levels,surface_pressure_hPa,top_pressure_hPa,max_height_m,pressure_monotonic_decreasing,temperature_valid_n,dewpoint_valid_n,wind_valid_n,wind_speed_source_unit,raw_text_file,profile_csv_file,source_endpoint
48327,2024-03-01 00:00:00,2024-03-01 07:00:00,2024-03-01,0,7,cached,existing profile CSV reused,46.0,1000.0,749.0,2812.0,True,46.0,46.0,1.0,m/s,/content/drive/MyDrive/Teaching_AirQuality/ChiangMai_Sounding_48327_MarApr2024/00_raw_text/sounding_48327_2024-03-01_00Z.txt,/content/drive/MyDrive/Teaching_AirQuality/ChiangMai_Sounding_48327_MarApr2024/01_profiles_csv/sounding_48327_2024-03-01_00Z.csv,https://weather.uwyo.edu/wsgi/sounding
48327,2024-03-01 06:00:00,2024-03-01 13:00:00,2024-03-01,6,13,error,HTTP 404,,,,,,,,,,/content/drive/MyDrive/Teaching_AirQuality/ChiangMai_Sounding_48327_MarApr2024/00_raw_text/sounding_48327_2024-03-01_06Z.txt,/content/drive/MyDrive/Teaching_AirQuality/ChiangMai_Sounding_48327_MarApr2024/01_profiles_csv/sounding_48327_2024-03-01_06Z.csv,https://weather.uwyo.edu/wsgi/sounding
48327,2024-03-01 12:00:00,2024-03-01 19:00:00,2024-03-01,12,19,error,HTTP 404,,,,,,,,,,/content/drive/MyDrive/Teaching_AirQuality/ChiangMai_Sounding_48327_MarApr2024/00_raw_text/sounding_48327_2024-03-01_12Z.txt,/content/drive/MyDrive/Teaching_AirQuality/ChiangMai_Sounding_48327_MarApr2024/01_profiles_csv/sounding_48327_2024-03-01_12Z.csv,https://weather.uwyo.edu/wsgi/sounding
48327,2024-03-02 00:00:00,2024-03-02 07:00:00,2024-03-02,0,7,downloaded,downloaded and parsed successfully,53.0,1000.0,700.0,2850.0,True,53.0,53.0,53.0,m/s,/content/drive/MyDrive/Teaching_AirQuality/ChiangMai_Sounding_48327_MarApr2024/00_raw_text/sounding_48327_2024-03-02_00Z.txt,/content/drive/MyDrive/Teaching_AirQuality/ChiangMai_Sounding_48327_MarApr2024/01_profiles_csv/sounding_48327_2024-03-02_00Z.csv,https://weather.uwyo.edu/wsgi/sounding
48327,2024-03-02 06:00:00,2024-03-02 13:00:00,2024-03-02,6,13,error,HTTP 404,,,,,,,,,,/content/drive/MyDrive/Teaching_AirQuality/ChiangMai_Sounding_48327_MarApr2024/00_raw_text/sounding_48327_2024-03-02_06Z.txt,/content/drive/MyDrive/Teaching_AirQuality/ChiangMai_Sounding_48327_MarApr2024/01_profiles_csv/sounding_48327_2024-03-02_06Z.csv,https://weather.uwyo.edu/wsgi/sounding
48327,2024-03-02 12:00:00,2024-03-02 19:00:00,2024-03-02,12,19,error,HTTP 404,,,,,,,,,,/content/drive/MyDrive/Teaching_AirQuality/ChiangMai_Sounding_48327_MarApr2024/00_raw_text/sounding_48327_2024-03-02_12Z.txt,/content/drive/MyDrive/Teaching_AirQuality/ChiangMai_Sounding_48327_MarApr2024/01_profiles_csv/sounding_48327_2024-03-02_12Z.csv,https://weather.uwyo.edu/wsgi/sounding
48327,2024-03-03 00:00:00,2024-03-03 07:00:00,2024-03-03,0,7,downloaded,downloaded and parsed successfully,63.0,1000.0,700.0,2850.0,True,63.0,63.0,63.0,m/s,/content/drive/MyDrive/Teaching_AirQuality/ChiangMai_Sounding_48327_MarApr2024/00_raw_text/sounding_48327_2024-03-03_00Z.txt,/content/drive/MyDrive/Teaching_AirQuality/ChiangMai_Sounding_48327_MarApr2024/01_profiles_csv/sounding_48327_2024-03-03_00Z.csv,https://weather.uwyo.edu/wsgi/sounding
48327,2024-03-03 06:00:00,2024-03-03 13:00:00,2024-03-03,6,13,error,HTTP 404,,,,,,,,,,/content/drive/MyDrive/Teaching_AirQuality/ChiangMai_Sounding_48327_MarApr2024/00_raw_text/sounding_48327_2024-03-03_06Z.txt,/content/drive/MyDrive/Teaching_AirQuality/ChiangMai_Sounding_48327_MarApr2024/01_profiles_csv/sounding_48327_2024-03-03_06Z.csv,https://weather.uwyo.edu/wsgi/sounding
48327,2024-03-03 12:00:00,2024-03-03 19:00:00,2024-03-03,12,19,error,HTTP 404,,,,,,,,,,/content/drive/MyDrive/Teaching_AirQuality/ChiangMai_Sounding_48327_MarApr2024/00_raw_text/sounding_48327_2024-03-03_12Z.txt,/content/drive/MyDrive/Teaching_AirQuality/ChiangMai_Sounding_48327_MarApr2024/01_profiles_csv/sounding_48327_2024-03-03_12Z.csv,https://weather.uwyo.edu/wsgi/sounding
48327,2024-03-04 00:00:00,2024-03-04 07:00:00,2024-03-04,0,7,downloaded,downloaded and parsed successfully,56.0,1000.0,700.0,3450.0,True,56.0,56.0,56.0,m/s,/content/drive/MyDrive/Teaching_AirQuality/ChiangMai_Sounding_48327_MarApr2024/00_raw_text/sounding_48327_2024-03-04_00Z.txt,/content/drive/MyDrive/Teaching_AirQuality/ChiangMai_Sounding_48327_MarApr2024/01_profiles_csv/sounding_48327_2024-03-04_00Z.csv,https://weather.uwyo.edu/wsgi/sounding
48327,2024-03-04 06:00:00,2024-03-04 13:00:00,2024-03-04,6,13,error,HTTP 404,,,,,,,,,,/content/drive/MyDrive/Teaching_AirQuality/ChiangMai_Sounding_48327_MarApr2024/00_raw_text/sounding_48327_2024-03-04_06Z.txt,/content/drive/MyDrive/Teaching_AirQuality/ChiangMai_Sounding_48327_MarApr2024/01_profiles_csv/sounding_48327_2024-03-04_06Z.csv,https://weather.uwyo.edu/wsgi/sounding
48327,2024-03-04 12:00:00,2024-03-04 19:00:00,2024-03-04,12,19,error,HTTP 404,,,,,,,,,,/content/drive/MyDrive/Teaching_AirQuality/ChiangMai_Sounding_48327_MarApr2024/00_raw_text/sounding_48327_2024-03-04_12Z.txt,/content/drive/MyDrive/Teaching_AirQuality/ChiangMai_Sounding_48327_MarApr2024/01_profiles_csv/sounding_48327_2024-03-04_12Z.csv,https://weather.uwyo.edu/wsgi/sounding
48327,2024-03-05 00:00:00,2024-03-05 07:00:00,2024-03-05,0,7,downloaded,downloaded and parsed successfully,54.0,1000.0,700.0,2800.0,True,54.0,54.0,54.0,m/s,/content/drive/MyDrive/Teaching_AirQuality/ChiangMai_Sounding_48327_MarApr2024/00_raw_text/sounding_48327_2024-03-05_00Z.txt,/content/drive/MyDrive/Teaching_AirQuality/ChiangMai_Sounding_48327_MarApr2024/01_profiles_csv/sounding_48327_2024-03-05_00Z.csv,https://weather.uwyo.edu/wsgi/sounding
48327,2024-03-05 06:00:00,2024-03-05 13:00:00,2024-03-05,6,13,error,HTTP 404,,,,,,,,,,/content/drive/MyDrive/Teaching_AirQuality/ChiangMai_Sounding_48327_MarApr2024/00_raw_text/sounding_48327_2024-03-05_06Z.txt,/content/drive/MyDrive/Teaching_AirQuality/ChiangMai_Sounding_48327_MarApr2024/01_profiles_csv/sounding_48327_2024-03-05_06Z.csv,https://weather.uwyo.edu/wsgi/sounding
48327,2024-03-05 12:00:00,2024-03-05 19:00:00,2024-03-05,12,19,error,HTTP 404,,,,,,,,,,/content/drive/MyDrive/Teaching_AirQuality/ChiangMai_Sounding_48327_MarApr2024/00_raw_text/sounding_48327_2024-03-05_12Z.txt,/content/drive/MyDrive/Teaching_AirQuality/ChiangMai_Sounding_48327_MarApr2024/01_profiles_csv/sounding_48327_2024-03-05_12Z.csv,https://weather.uwyo.edu/wsgi/sounding
48327,2024-03-06 00:00:00,2024-03-06 07:00:00,2024-03-06,0,7,downloaded,downloaded and parsed successfully,99.0,975.0,24.7,24951.0,True,99.0,99.0,98.0,m/s,/content/drive/MyDrive/Teaching_AirQuality/ChiangMai_Sounding_48327_MarApr2024/00_raw_text/sounding_48327_2024-03-06_00Z.txt,/content/drive/MyDrive/Teaching_AirQuality/ChiangMai_Sounding_48327_MarApr2024/01_profiles_csv/sounding_48327_2024-03-06_00Z.csv,https://weather.uwyo.edu/wsgi/sounding
48327,2024-03-06 06:00:00,2024-03-06 13:00:00,2024-03-06,6,13,error,HTTP 404,,,,,,,,,,/content/drive/MyDrive/Teaching_AirQuality/ChiangMai_Sounding_48327_MarApr2024/00_raw_text/sounding_48327_2024-03-06_06Z.txt,/content/drive/MyDrive/Teaching_AirQuality/ChiangMai_Sounding_48327_MarApr2024/01_profiles_csv/sounding_48327_2024-03-06_06Z.csv,https://weather.uwyo.edu/wsgi/sounding
48327,2024-03-06 12:00:00,2024-03-06 19:00:00,2024-03-06,12,19,error,HTTP 404,,,,,,,,,,/content/drive/MyDrive/Teaching_AirQuality/ChiangMai_Sounding_48327_MarApr2024/00_raw_text/sounding_48327_2024-03-06_12Z.txt,/content/drive/MyDrive/Teaching_AirQuality/ChiangMai_Sounding_48327_MarApr2024/01_profiles_csv/sounding_48327_2024-03-06_12Z.csv,https://weather.uwyo.edu/wsgi/sounding
48327,2024-03-07 00:00:00,2024-03-07 07:00:00,2024-03-07,0,7,downloaded,downloaded and parsed successfully,87.0,975.0,22.0,25657.0,True,87.0,87.0,87.0,m/s,/content/drive/MyDrive/Teaching_AirQuality/ChiangMai_Sounding_48327_MarApr2024/00_raw_text/sounding_48327_2024-03-07_00Z.txt,/content/drive/MyDrive/Teaching_AirQuality/ChiangMai_Sounding_48327_MarApr2024/01_profiles_csv/sounding_48327_2024-03-07_00Z.csv,https://weather.uwyo.edu/wsgi/sounding
48327,2024-03-07 06:00:00,2024-03-07 13:00:00,2024-03-07,6,13,error,HTTP 404,,,,,,,,,,/content/drive/MyDrive/Teaching_AirQuality/ChiangMai_Sounding_48327_MarApr2024/00_raw_text/sounding_48327_2024-03-07_06Z.txt,/content/drive/MyDrive/Teaching_AirQuality/ChiangMai_Sounding_48327_MarApr2024/01_profiles_csv/sounding_48327_2024-03-07_06Z.csv,https://weather.uwyo.edu/wsgi/sounding
48327,2024-03-07 12:00:00,2024-03-07 19:00:00,2024-03-07,12,19,error,HTTP 404,,,,,,,,,,/content/drive/MyDrive/Teaching_AirQuality/ChiangMai_Sounding_48327_MarApr2024/00_raw_text/sounding_48327_2024-03-07_12Z.txt,/content/drive/MyDrive/Teaching_AirQuality/ChiangMai_Sounding_48327_MarApr2024/01_profiles_csv/sounding_48327_2024-03-07_12Z.csv,https://weather.uwyo.edu/wsgi/sounding
48327,2024-03-08 00:00:00,2024-03-08 07:00:00,2024-03-08,0,7,downloaded,downloaded and parsed successfully,69.0,976.0,51.5,20415.0,True,69.0,69.0,68.0,m/s,/content/drive/MyDrive/Teaching_AirQuality/ChiangMai_Sounding_48327_MarApr2024/00_raw_text/sounding_48327_2024-03-08_00Z.txt,/content/drive/MyDrive/Teaching_AirQuality/ChiangMai_Sounding_48327_MarApr2024/01_profiles_csv/sounding_48327_2024-03-08_00Z.csv,https://weather.uwyo.edu/wsgi/sounding
48327,2024-03-08 06:00:00,2024-03-08 13:00:00,2024-03-08,6,13,error,HTTP 404,,,,,,,,,,/content/drive/MyDrive/Teaching_AirQuality/ChiangMai_Sounding_48327_MarApr2024/00_raw_text/sounding_48327_2024-03-08_06Z.txt,/content/drive/MyDrive/Teaching_AirQuality/ChiangMai_Sounding_48327_MarApr2024/01_profiles_csv/sounding_48327_2024-03-08_06Z.csv,https://weather.uwyo.edu/wsgi/sounding
48327,2024-03-08 12:00:00,2024-03-08 19:00:00,2024-03-08,12,19,error,HTTP 404,,,,,,,,,,/content/drive/MyDrive/Teaching_AirQuality/ChiangMai_Sounding_48327_MarApr2024/00_raw_text/sounding_48327_2024-03-08_12Z.txt,/content/drive/MyDrive/Teaching_AirQuality/ChiangMai_Sounding_48327_MarApr2024/01_profiles_csv/sounding_48327_2024-03-08_12Z.csv,https://weather.uwyo.edu/wsgi/sounding
48327,2024-03-09 00:00:00,2024-03-09 07:00:00,2024-03-09,0,7,downloaded,downloaded and parsed successfully,81.0,976.0,29.3,23817.0,True,81.0,81.0,81.0,m/s,/content/drive/MyDrive/Teaching_AirQuality/ChiangMai_Sounding_48327_MarApr2024/00_raw_text/sounding_48327_2024-03-09_00Z.txt,/content/drive/MyDrive/Teaching_AirQuality/ChiangMai_Sounding_48327_MarApr2024/01_profiles_csv/sounding_48327_2024-03-09_00Z.csv,https://weather.uwyo.edu/wsgi/sounding
48327,2024-03-09 06:00:00,2024-03-09 13:00:00,2024-03-09,6,13,error,HTTP 404,,,,,,,,,,/content/drive/MyDrive/Teaching_AirQuality/ChiangMai_Sounding_48327_MarApr2024/00_raw_text/sounding_48327_2024-03-09_06Z.txt,/content/drive/MyDrive/Teaching_AirQuality/ChiangMai_Sounding_48327_MarApr2024/01_profiles_csv/sounding_48327_2024-03-09_06Z.csv,https://weather.uwyo.edu/wsgi/sounding
48327,2024-03-09 12:00:00,2024-03-09 19:00:00,2024-03-09,12,19,error,HTTP 404,,,,,,,,,,/content/drive/MyDrive/Teaching_AirQuality/ChiangMai_Sounding_48327_MarApr2024/00_raw_text/sounding_48327_2024-03-09_12Z.txt,/content/drive/MyDrive/Teaching_AirQuality/ChiangMai_Sounding_48327_MarApr2024/01_profiles_csv/sounding_48327_2024-03-09_12Z.csv,https://weather.uwyo.edu/wsgi/sounding
48327,2024-03-10 00:00:00,2024-03-10 07:00:00,2024-03-10,0,7,downloaded,downloaded and parsed successfully,74.0,978.0,31.5,23418.0,True,74.0,74.0,73.0,m/s,/content/drive/MyDrive/Teaching_AirQuality/ChiangMai_Sounding_48327_MarApr2024/00_raw_text/sounding_48327_2024-03-10_00Z.txt,/content/drive/MyDrive/Teaching_AirQuality/ChiangMai_Sounding_48327_MarApr2024/01_profiles_csv/sounding_48327_2024-03-10_00Z.csv,https://weather.uwyo.edu/wsgi/sounding
48327,2024-03-10 06:00:00,2024-03-10 13:00:00,2024-03-10,6,13,error,HTTP 404,,,,,,,,,,/content/drive/MyDrive/Teaching_AirQuality/ChiangMai_Sounding_48327_MarApr2024/00_raw_text/sounding_48327_2024-03-10_06Z.txt,/content/drive/MyDrive/Teaching_AirQuality/ChiangMai_Sounding_48327_MarApr2024/01_profiles_csv/sounding_48327_2024-03-10_06Z.csv,https://weather.uwyo.edu/wsgi/sounding
48327,2024-03-10 12:00:00,2024-03-10 19:00:00,2024-03-10,12,19,error,HTTP 404,,,,,,,,,,/content/drive/MyDrive/Teaching_AirQuality/ChiangMai_Sounding_48327_MarApr2024/00_raw_text/sounding_48327_2024-03-10_12Z.txt,/content/drive/MyDrive/Teaching_AirQuality/ChiangMai_Sounding_48327_MarApr2024/01_profiles_csv/sounding_48327_2024-03-10_12Z.csv,https://weather.uwyo.edu/wsgi/sounding
48327,2024-03-11 00:00:00,2024-03-11 07:00:00,2024-03-11,0,7,downloaded,downloaded and parsed successfully,72.0,980.0,30.1,23701.0,True,72.0,72.0,72.0,m/s,/content/drive/MyDrive/Teaching_AirQuality/ChiangMai_Sounding_48327_MarApr2024/00_raw_text/sounding_48327_2024-03-11_00Z.txt,/content/drive/MyDrive/Teaching_AirQuality/ChiangMai_Sounding_48327_MarApr2024/01_profiles_csv/sounding_48327_2024-03-11_00Z.csv,https://weather.uwyo.edu/wsgi/sounding
48327,2024-03-11 06:00:00,2024-03-11 13:00:00,2024-03-11,6,13,error,HTTP 404,,,,,,,,,,/content/drive/MyDrive/Teaching_AirQuality/ChiangMai_Sounding_48327_MarApr2024/00_raw_text/sounding_48327_2024-03-11_06Z.txt,/content/drive/MyDrive/Teaching_AirQuality/ChiangMai_Sounding_48327_MarApr2024/01_profiles_csv/sounding_48327_2024-03-11_06Z.csv,https://weather.uwyo.edu/wsgi/sounding
48327,2024-03-11 12:00:00,2024-03-11 19:00:00,2024-03-11,12,19,error,HTTP 404,,,,,,,,,,/content/drive/MyDrive/Teaching_AirQuality/ChiangMai_Sounding_48327_MarApr2024/00_raw_text/sounding_48327_2024-03-11_12Z.txt,/content/drive/MyDrive/Teaching_AirQuality/ChiangMai_Sounding_48327_MarApr2024/01_profiles_csv/sounding_48327_2024-03-11_12Z.csv,https://weather.uwyo.edu/wsgi/sounding
48327,2024-03-12 00:00:00,2024-03-12 07:00:00,2024-03-12,0,7,downloaded,downloaded and parsed successfully,74.0,978.0,31.4,23415.0,True,74.0,74.0,74.0,m/s,/content/drive/MyDrive/Teaching_AirQuality/ChiangMai_Sounding_48327_MarApr2024/00_raw_text/sounding_48327_2024-03-12_00Z.txt,/content/drive/MyDrive/Teaching_AirQuality/ChiangMai_Sounding_48327_MarApr2024/01_profiles_csv/sounding_48327_2024-03-12_00Z.csv,https://weather.uwyo.edu/wsgi/sounding
48327,2024-03-12 06:00:00,2024-03-12 13:00:00,2024-03-12,6,13,error,HTTP 404,,,,,,,,,,/content/drive/MyDrive/Teaching_AirQuality/ChiangMai_Sounding_48327_MarApr2024/00_raw_text/sounding_48327_2024-03-12_06Z.txt,/content/drive/MyDrive/Teaching_AirQuality/ChiangMai_Sounding_48327_MarApr2024/01_profiles_csv/sounding_48327_2024-03-12_06Z.csv,https://weather.uwyo.edu/wsgi/sounding
48327,2024-03-12 12:00:00,2024-03-12 19:00:00,2024-03-12,12,19,error,HTTP 404,,,,,,,,,,/content/drive/MyDrive/Teaching_AirQuality/ChiangMai_Sounding_48327_MarApr2024/00_raw_text/sounding_48327_2024-03-12_12Z.txt,/content/drive/MyDrive/Teaching_AirQuality/ChiangMai_Sounding_48327_MarApr2024/01_profiles_csv/sounding_48327_2024-03-12_12Z.csv,https://weather.uwyo.edu/wsgi/sounding
48327,2024-03-13 00:00:00,2024-03-13 07:00:00,2024-03-13,0,7,downloaded,downloaded and parsed successfully,77.0,978.0,28.9,23934.0,True,77.0,77.0,76.0,m/s,/content/drive/MyDrive/Teaching_AirQuality/ChiangMai_Sounding_48327_MarApr2024/00_raw_text/sounding_48327_2024-03-13_00Z.txt,/content/drive/MyDrive/Teaching_AirQuality/ChiangMai_Sounding_48327_MarApr2024/01_profiles_csv/sounding_48327_2024-03-13_00Z.csv,https://weather.uwyo.edu/wsgi/sounding
48327,2024-03-13 06:00:00,2024-03-13 13:00:00,2024-03-13,6,13,error,HTTP 404,,,,,,,,,,/content/drive/MyDrive/Teaching_AirQuality/ChiangMai_Sounding_48327_MarApr2024/00_raw_text/sounding_48327_2024-03-13_06Z.txt,/content/drive/MyDrive/Teaching_AirQuality/ChiangMai_Sounding_48327_MarApr2024/01_profiles_csv/sounding_48327_2024-03-13_06Z.csv,https://weather.uwyo.edu/wsgi/sounding
48327,2024-03-13 12:00:00,2024-03-13 19:00:00,2024-03-13,12,19,error,HTTP 404,,,,,,,,,,/content/drive/MyDrive/Teaching_AirQuality/ChiangMai_Sounding_48327_MarApr2024/00_raw_text/sounding_48327_2024-03-13_12Z.txt,/content/drive/MyDrive/Teaching_AirQuality/ChiangMai_Sounding_48327_MarApr2024/01_profiles_csv/sounding_48327_2024-03-13_12Z.csv,https://weather.uwyo.edu/wsgi/sounding
48327,2024-03-14 00:00:00,2024-03-14 07:00:00,2024-03-14,0,7,downloaded,downloaded and parsed successfully,79.0,978.0,29.4,23866.0,True,79.0,79.0,79.0,m/s,/content/drive/MyDrive/Teaching_AirQuality/ChiangMai_Sounding_48327_MarApr2024/00_raw_text/sounding_48327_2024-03-14_00Z.txt,/content/drive/MyDrive/Teaching_AirQuality/ChiangMai_Sounding_48327_MarApr2024/01_profiles_csv/sounding_48327_2024-03-14_00Z.csv,https://weather.uwyo.edu/wsgi/sounding
48327,2024-03-14 06:00:00,2024-03-14 13:00:00,2024-03-14,6,13,error,HTTP 404,,,,,,,,,,/content/drive/MyDrive/Teaching_AirQuality/ChiangMai_Sounding_48327_MarApr2024/00_raw_text/sounding_48327_2024-03-14_06Z.txt,/content/drive/MyDrive/Teaching_AirQuality/ChiangMai_Sounding_48327_MarApr2024/01_profiles_csv/sounding_48327_2024-03-14_06Z.csv,https://weather.uwyo.edu/wsgi/sounding
48327,2024-03-14 12:00:00,2024-03-14 19:00:00,2024-03-14,12,19,error,HTTP 404,,,,,,,,,,/content/drive/MyDrive/Teaching_AirQuality/ChiangMai_Sounding_48327_MarApr2024/00_raw_text/sounding_48327_2024-03-14_12Z.txt,/content/drive/MyDrive/Teaching_AirQuality/ChiangMai_Sounding_48327_MarApr2024/01_profiles_csv/sounding_48327_2024-03-14_12Z.csv,https://weather.uwyo.edu/wsgi/sounding
48327,2024-03-15 00:00:00,2024-03-15 07:00:00,2024-03-15,0,7,downloaded,downloaded and parsed successfully,89.0,977.0,28.5,24075.0,True,89.0,89.0,88.0,m/s,/content/drive/MyDrive/Teaching_AirQuality/ChiangMai_Sounding_48327_MarApr2024/00_raw_text/sounding_48327_2024-03-15_00Z.txt,/content/drive/MyDrive/Teaching_AirQuality/ChiangMai_Sounding_48327_MarApr2024/01_profiles_csv/sounding_48327_2024-03-15_00Z.csv,https://weather.uwyo.edu/wsgi/sounding
48327,2024-03-15 06:00:00,2024-03-15 13:00:00,2024-03-15,6,13,error,HTTP 404,,,,,,,,,,/content/drive/MyDrive/Teaching_AirQuality/ChiangMai_Sounding_48327_MarApr2024/00_raw_text/sounding_48327_2024-03-15_06Z.txt,/content/drive/MyDrive/Teaching_AirQuality/ChiangMai_Sounding_48327_MarApr2024/01_profiles_csv/sounding_48327_2024-03-15_06Z.csv,https://weather.uwyo.edu/wsgi/sounding
48327,2024-03-15 12:00:00,2024-03-15 19:00:00,2024-03-15,12,19,error,HTTP 404,,,,,,,,,,/content/drive/MyDrive/Teaching_AirQuality/ChiangMai_Sounding_48327_MarApr2024/00_raw_text/sounding_48327_2024-03-15_12Z.txt,/content/drive/MyDrive/Teaching_AirQuality/ChiangMai_Sounding_48327_MarApr2024/01_profiles_csv/sounding_48327_2024-03-15_12Z.csv,https://weather.uwyo.edu/wsgi/sounding
48327,2024-03-16 00:00:00,2024-03-16 07:00:00,2024-03-16,0,7,downloaded,downloaded and parsed successfully,64.0,978.0,39.0,22142.0,True,64.0,64.0,64.0,m/s,/content/drive/MyDrive/Teaching_AirQuality/ChiangMai_Sounding_48327_MarApr2024/00_raw_text/sounding_48327_2024-03-16_00Z.txt,/content/drive/MyDrive/Teaching_AirQuality/ChiangMai_Sounding_48327_MarApr2024/01_profiles_csv/sounding_48327_2024-03-16_00Z.csv,https://weather.uwyo.edu/wsgi/sounding
48327,2024-03-16 06:00:00,2024-03-16 13:00:00,2024-03-16,6,13,error,HTTP 404,,,,,,,,,,/content/drive/MyDrive/Teaching_AirQuality/ChiangMai_Sounding_48327_MarApr2024/00_raw_text/sounding_48327_2024-03-16_06Z.txt,/content/drive/MyDrive/Teaching_AirQuality/ChiangMai_Sounding_48327_MarApr2024/01_profiles_csv/sounding_48327_2024-03-16_06Z.csv,https://weather.uwyo.edu/wsgi/sounding
48327,2024-03-16 12:00:00,2024-03-16 19:00:00,2024-03-16,12,19,error,HTTP 404,,,,,,,,,,/content/drive/MyDrive/Teaching_AirQuality/ChiangMai_Sounding_48327_MarApr2024/00_raw_text/sounding_48327_2024-03-16_12Z.txt,/content/drive/MyDrive/Teaching_AirQuality/ChiangMai_Sounding_48327_MarApr2024/01_profiles_csv/sounding_48327_2024-03-16_12Z.csv,https://weather.uwyo.edu/wsgi/sounding
48327,2024-03-17 00:00:00,2024-03-17 07:00:00,2024-03-17,0,7,downloaded,downloaded and parsed successfully,91.0,979.0,30.1,23726.0,True,91.0,91.0,91.0,m/s,/content/drive/MyDrive/Teaching_AirQuality/ChiangMai_Sounding_48327_MarApr2024/00_raw_text/sounding_48327_2024-03-17_00Z.txt,/content/drive/MyDrive/Teaching_AirQuality/ChiangMai_Sounding_48327_MarApr2024/01_profiles_csv/sounding_48327_2024-03-17_00Z.csv,https://weather.uwyo.edu/wsgi/sounding
48327,2024-03-17 06:00:00,2024-03-17 13:00:00,2024-03-17,6,13,error,HTTP 404,,,,,,,,,,/content/drive/MyDrive/Teaching_AirQuality/ChiangMai_Sounding_48327_MarApr2024/00_raw_text/sounding_48327_2024-03-17_06Z.txt,/content/drive/MyDrive/Teaching_AirQuality/ChiangMai_Sounding_48327_MarApr2024/01_profiles_csv/sounding_48327_2024-03-17_06Z.csv,https://weather.uwyo.edu/wsgi/sounding
48327,2024-03-17 12:00:00,2024-03-17 19:00:00,2024-03-17,12,19,error,HTTP 404,,,,,,,,,,/content/drive/MyDrive/Teaching_AirQuality/ChiangMai_Sounding_48327_MarApr2024/00_raw_text/sounding_48327_2024-03-17_12Z.txt,/content/drive/MyDrive/Teaching_AirQuality/ChiangMai_Sounding_48327_MarApr2024/01_profiles_csv/sounding_48327_2024-03-17_12Z.csv,https://weather.uwyo.edu/wsgi/sounding
48327,2024-03-18 00:00:00,2024-03-18 07:00:00,2024-03-18,0,7,downloaded,downloaded and parsed successfully,81.0,977.0,30.4,23637.0,True,81.0,81.0,81.0,m/s,/content/drive/MyDrive/Teaching_AirQuality/ChiangMai_Sounding_48327_MarApr2024/00_raw_text/sounding_48327_2024-03-18_00Z.txt,/content/drive/MyDrive/Teaching_AirQuality/ChiangMai_Sounding_48327_MarApr2024/01_profiles_csv/sounding_48327_2024-03-18_00Z.csv,https://weather.uwyo.edu/wsgi/sounding
48327,2024-03-18 06:00:00,2024-03-18 13:00:00,2024-03-18,6,13,error,HTTP 404,,,,,,,,,,/content/drive/MyDrive/Teaching_AirQuality/ChiangMai_Sounding_48327_MarApr2024/00_raw_text/sounding_48327_2024-03-18_06Z.txt,/content/drive/MyDrive/Teaching_AirQuality/ChiangMai_Sounding_48327_MarApr2024/01_profiles_csv/sounding_48327_2024-03-18_06Z.csv,https://weather.uwyo.edu/wsgi/sounding
48327,2024-03-18 12:00:00,2024-03-18 19:00:00,2024-03-18,12,19,error,HTTP 404,,,,,,,,,,/content/drive/MyDrive/Teaching_AirQuality/ChiangMai_Sounding_48327_MarApr2024/00_raw_text/sounding_48327_2024-03-18_12Z.txt,/content/drive/MyDrive/Teaching_AirQuality/ChiangMai_Sounding_48327_MarApr2024/01_profiles_csv/sounding_48327_2024-03-18_12Z.csv,https://weather.uwyo.edu/wsgi/sounding
48327,2024-03-19 00:00:00,2024-03-19 07:00:00,2024-03-19,0,7,downloaded,downloaded and parsed successfully,73.0,977.0,35.7,22644.0,True,73.0,73.0,72.0,m/s,/content/drive/MyDrive/Teaching_AirQuality/ChiangMai_Sounding_48327_MarApr2024/00_raw_text/sounding_48327_2024-03-19_00Z.txt,/content/drive/MyDrive/Teaching_AirQuality/ChiangMai_Sounding_48327_MarApr2024/01_profiles_csv/sounding_48327_2024-03-19_00Z.csv,https://weather.uwyo.edu/wsgi/sounding
48327,2024-03-19 06:00:00,2024-03-19 13:00:00,2024-03-19,6,13,error,HTTP 404,,,,,,,,,,/content/drive/MyDrive/Teaching_AirQuality/ChiangMai_Sounding_48327_MarApr2024/00_raw_text/sounding_48327_2024-03-19_06Z.txt,/content/drive/MyDrive/Teaching_AirQuality/ChiangMai_Sounding_48327_MarApr2024/01_profiles_csv/sounding_48327_2024-03-19_06Z.csv,https://weather.uwyo.edu/wsgi/sounding
48327,2024-03-19 12:00:00,2024-03-19 19:00:00,2024-03-19,12,19,error,HTTP 404,,,,,,,,,,/content/drive/MyDrive/Teaching_AirQuality/ChiangMai_Sounding_48327_MarApr2024/00_raw_text/sounding_48327_2024-03-19_12Z.txt,/content/drive/MyDrive/Teaching_AirQuality/ChiangMai_Sounding_48327_MarApr2024/01_profiles_csv/sounding_48327_2024-03-19_12Z.csv,https://weather.uwyo.edu/wsgi/sounding
48327,2024-03-20 00:00:00,2024-03-20 07:00:00,2024-03-20,0,7,downloaded,downloaded and parsed successfully,74.0,981.0,37.9,22268.0,True,74.0,74.0,73.0,m/s,/content/drive/MyDrive/Teaching_AirQuality/ChiangMai_Sounding_48327_MarApr2024/00_raw_text/sounding_48327_2024-03-20_00Z.txt,/content/drive/MyDrive/Teaching_AirQuality/ChiangMai_Sounding_48327_MarApr2024/01_profiles_csv/sounding_48327_2024-03-20_00Z.csv,https://weather.uwyo.edu/wsgi/sounding
48327,2024-03-20 06:00:00,2024-03-20 13:00:00,2024-03-20,6,13,error,HTTP 404,,,,,,,,,,/content/drive/MyDrive/Teaching_AirQuality/ChiangMai_Sounding_48327_MarApr2024/00_raw_text/sounding_48327_2024-03-20_06Z.txt,/content/drive/MyDrive/Teaching_AirQuality/ChiangMai_Sounding_48327_MarApr2024/01_profiles_csv/sounding_48327_2024-03-20_06Z.csv,https://weather.uwyo.edu/wsgi/sounding
48327,2024-03-20 12:00:00,2024-03-20 19:00:00,2024-03-20,12,19,error,HTTP 404,,,,,,,,,,/content/drive/MyDrive/Teaching_AirQuality/ChiangMai_Sounding_48327_MarApr2024/00_raw_text/sounding_48327_2024-03-20_12Z.txt,/content/drive/MyDrive/Teaching_AirQuality/ChiangMai_Sounding_48327_MarApr2024/01_profiles_csv/sounding_48327_2024-03-20_12Z.csv,https://weather.uwyo.edu/wsgi/sounding
48327,2024-03-21 00:00:00,2024-03-21 07:00:00,2024-03-21,0,7,downloaded,downloaded and parsed successfully,58.0,981.0,70.8,18585.0,True,58.0,58.0,57.0,m/s,/content/drive/MyDrive/Teaching_AirQuality/ChiangMai_Sounding_48327_MarApr2024/00_raw_text/sounding_48327_2024-03-21_00Z.txt,/content/drive/MyDrive/Teaching_AirQuality/ChiangMai_Sounding_48327_MarApr2024/01_profiles_csv/sounding_48327_2024-03-21_00Z.csv,https://weather.uwyo.edu/wsgi/sounding
48327,2024-03-21 06:00:00,2024-03-21 13:00:00,2024-03-21,6,13,error,HTTP 404,,,,,,,,,,/content/drive/MyDrive/Teaching_AirQuality/ChiangMai_Sounding_48327_MarApr2024/00_raw_text/sounding_48327_2024-03-21_06Z.txt,/content/drive/MyDrive/Teaching_AirQuality/ChiangMai_Sounding_48327_MarApr2024/01_profiles_csv/sounding_48327_2024-03-21_06Z.csv,https://weather.uwyo.edu/wsgi/sounding
48327,2024-03-21 12:00:00,2024-03-21 19:00:00,2024-03-21,12,19,error,HTTP 404,,,,,,,,,,/content/drive/MyDrive/Teaching_AirQuality/ChiangMai_Sounding_48327_MarApr2024/00_raw_text/sounding_48327_2024-03-21_12Z.txt,/content/drive/MyDrive/Teaching_AirQuality/ChiangMai_Sounding_48327_MarApr2024/01_profiles_csv/sounding_48327_2024-03-21_12Z.csv,https://weather.uwyo.edu/wsgi/sounding
48327,2024-03-22 00:00:00,2024-03-22 07:00:00,2024-03-22,0,7,downloaded,downloaded and parsed successfully,117.0,975.0,34.1,22898.0,True,117.0,117.0,117.0,m/s,/content/drive/MyDrive/Teaching_AirQuality/ChiangMai_Sounding_48327_MarApr2024/00_raw_text/sounding_48327_2024-03-22_00Z.txt,/content/drive/MyDrive/Teaching_AirQuality/ChiangMai_Sounding_48327_MarApr2024/01_profiles_csv/sounding_48327_2024-03-22_00Z.csv,https://weather.uwyo.edu/wsgi/sounding
48327,2024-03-22 06:00:00,2024-03-22 13:00:00,2024-03-22,6,13,error,HTTP 404,,,,,,,,,,/content/drive/MyDrive/Teaching_AirQuality/ChiangMai_Sounding_48327_MarApr2024/00_raw_text/sounding_48327_2024-03-22_06Z.txt,/content/drive/MyDrive/Teaching_AirQuality/ChiangMai_Sounding_48327_MarApr2024/01_profiles_csv/sounding_48327_2024-03-22_06Z.csv,https://weather.uwyo.edu/wsgi/sounding
48327,2024-03-22 12:00:00,2024-03-22 19:00:00,2024-03-22,12,19,error,HTTP 404,,,,,,,,,,/content/drive/MyDrive/Teaching_AirQuality/ChiangMai_Sounding_48327_MarApr2024/00_raw_text/sounding_48327_2024-03-22_12Z.txt,/content/drive/MyDrive/Teaching_AirQuality/ChiangMai_Sounding_48327_MarApr2024/01_profiles_csv/sounding_48327_2024-03-22_12Z.csv,https://weather.uwyo.edu/wsgi/sounding
48327,2024-03-23 00:00:00,2024-03-23 07:00:00,2024-03-23,0,7,downloaded,downloaded and parsed successfully,73.0,974.0,61.6,19378.0,True,73.0,73.0,72.0,m/s,/content/drive/MyDrive/Teaching_AirQuality/ChiangMai_Sounding_48327_MarApr2024/00_raw_text/sounding_48327_2024-03-23_00Z.txt,/content/drive/MyDrive/Teaching_AirQuality/ChiangMai_Sounding_48327_MarApr2024/01_profiles_csv/sounding_48327_2024-03-23_00Z.csv,https://weather.uwyo.edu/wsgi/sounding
48327,2024-03-23 06:00:00,2024-03-23 13:00:00,2024-03-23,6,13,error,HTTP 404,,,,,,,,,,/content/drive/MyDrive/Teaching_AirQuality/ChiangMai_Sounding_48327_MarApr2024/00_raw_text/sounding_48327_2024-03-23_06Z.txt,/content/drive/MyDrive/Teaching_AirQuality/ChiangMai_Sounding_48327_MarApr2024/01_profiles_csv/sounding_48327_2024-03-23_06Z.csv,https://weather.uwyo.edu/wsgi/sounding
48327,2024-03-23 12:00:00,2024-03-23 19:00:00,2024-03-23,12,19,error,HTTP 404,,,,,,,,,,/content/drive/MyDrive/Teaching_AirQuality/ChiangMai_Sounding_48327_MarApr2024/00_raw_text/sounding_48327_2024-03-23_12Z.txt,/content/drive/MyDrive/Teaching_AirQuality/ChiangMai_Sounding_48327_MarApr2024/01_profiles_csv/sounding_48327_2024-03-23_12Z.csv,https://weather.uwyo.edu/wsgi/sounding
48327,2024-03-24 00:00:00,2024-03-24 07:00:00,2024-03-24,0,7,downloaded,downloaded and parsed successfully,95.0,977.0,38.2,22249.0,True,95.0,95.0,95.0,m/s,/content/drive/MyDrive/Teaching_AirQuality/ChiangMai_Sounding_48327_MarApr2024/00_raw_text/sounding_48327_2024-03-24_00Z.txt,/content/drive/MyDrive/Teaching_AirQuality/ChiangMai_Sounding_48327_MarApr2024/01_profiles_csv/sounding_48327_2024-03-24_00Z.csv,https://weather.uwyo.edu/wsgi/sounding
48327,2024-03-24 06:00:00,2024-03-24 13:00:00,2024-03-24,6,13,error,HTTP 404,,,,,,,,,,/content/drive/MyDrive/Teaching_AirQuality/ChiangMai_Sounding_48327_MarApr2024/00_raw_text/sounding_48327_2024-03-24_06Z.txt,/content/drive/MyDrive/Teaching_AirQuality/ChiangMai_Sounding_48327_MarApr2024/01_profiles_csv/sounding_48327_2024-03-24_06Z.csv,https://weather.uwyo.edu/wsgi/sounding
48327,2024-03-24 12:00:00,2024-03-24 19:00:00,2024-03-24,12,19,error,HTTP 404,,,,,,,,,,/content/drive/MyDrive/Teaching_AirQuality/ChiangMai_Sounding_48327_MarApr2024/00_raw_text/sounding_48327_2024-03-24_12Z.txt,/content/drive/MyDrive/Teaching_AirQuality/ChiangMai_Sounding_48327_MarApr2024/01_profiles_csv/sounding_48327_2024-03-24_12Z.csv,https://weather.uwyo.edu/wsgi/sounding
48327,2024-03-25 00:00:00,2024-03-25 07:00:00,2024-03-25,0,7,downloaded,downloaded and parsed successfully,73.0,979.0,26.5,24537.0,True,73.0,73.0,71.0,m/s,/content/drive/MyDrive/Teaching_AirQuality/ChiangMai_Sounding_48327_MarApr2024/00_raw_text/sounding_48327_2024-03-25_00Z.txt,/content/drive/MyDrive/Teaching_AirQuality/ChiangMai_Sounding_48327_MarApr2024/01_profiles_csv/sounding_48327_2024-03-25_00Z.csv,https://weather.uwyo.edu/wsgi/sounding
48327,2024-03-25 06:00:00,2024-03-25 13:00:00,2024-03-25,6,13,error,HTTP 404,,,,,,,,,,/content/drive/MyDrive/Teaching_AirQuality/ChiangMai_Sounding_48327_MarApr2024/00_raw_text/sounding_48327_2024-03-25_06Z.txt,/content/drive/MyDrive/Teaching_AirQuality/ChiangMai_Sounding_48327_MarApr2024/01_profiles_csv/sounding_48327_2024-03-25_06Z.csv,https://weather.uwyo.edu/wsgi/sounding
48327,2024-03-25 12:00:00,2024-03-25 19:00:00,2024-03-25,12,19,error,HTTP 404,,,,,,,,,,/content/drive/MyDrive/Teaching_AirQuality/ChiangMai_Sounding_48327_MarApr2024/00_raw_text/sounding_48327_2024-03-25_12Z.txt,/content/drive/MyDrive/Teaching_AirQuality/ChiangMai_Sounding_48327_MarApr2024/01_profiles_csv/sounding_48327_2024-03-25_12Z.csv,https://weather.uwyo.edu/wsgi/sounding
48327,2024-03-26 00:00:00,2024-03-26 07:00:00,2024-03-26,0,7,downloaded,downloaded and parsed successfully,80.0,979.0,33.6,23069.0,True,80.0,80.0,79.0,m/s,/content/drive/MyDrive/Teaching_AirQuality/ChiangMai_Sounding_48327_MarApr2024/00_raw_text/sounding_48327_2024-03-26_00Z.txt,/content/drive/MyDrive/Teaching_AirQuality/ChiangMai_Sounding_48327_MarApr2024/01_profiles_csv/sounding_48327_2024-03-26_00Z.csv,https://weather.uwyo.edu/wsgi/sounding
48327,2024-03-26 06:00:00,2024-03-26 13:00:00,2024-03-26,6,13,error,HTTP 404,,,,,,,,,,/content/drive/MyDrive/Teaching_AirQuality/ChiangMai_Sounding_48327_MarApr2024/00_raw_text/sounding_48327_2024-03-26_06Z.txt,/content/drive/MyDrive/Teaching_AirQuality/ChiangMai_Sounding_48327_MarApr2024/01_profiles_csv/sounding_48327_2024-03-26_06Z.csv,https://weather.uwyo.edu/wsgi/sounding
48327,2024-03-26 12:00:00,2024-03-26 19:00:00,2024-03-26,12,19,error,HTTP 404,,,,,,,,,,/content/drive/MyDrive/Teaching_AirQuality/ChiangMai_Sounding_48327_MarApr2024/00_raw_text/sounding_48327_2024-03-26_12Z.txt,/content/drive/MyDrive/Teaching_AirQuality/ChiangMai_Sounding_48327_MarApr2024/01_profiles_csv/sounding_48327_2024-03-26_12Z.csv,https://weather.uwyo.edu/wsgi/sounding
48327,2024-03-27 00:00:00,2024-03-27 07:00:00,2024-03-27,0,7,downloaded,downloaded and parsed successfully,88.0,980.0,32.9,23222.0,True,88.0,88.0,87.0,m/s,/content/drive/MyDrive/Teaching_AirQuality/ChiangMai_Sounding_48327_MarApr2024/00_raw_text/sounding_48327_2024-03-27_00Z.txt,/content/drive/MyDrive/Teaching_AirQuality/ChiangMai_Sounding_48327_MarApr2024/01_profiles_csv/sounding_48327_2024-03-27_00Z.csv,https://weather.uwyo.edu/wsgi/sounding
48327,2024-03-27 06:00:00,2024-03-27 13:00:00,2024-03-27,6,13,error,HTTP 404,,,,,,,,,,/content/drive/MyDrive/Teaching_AirQuality/ChiangMai_Sounding_48327_MarApr2024/00_raw_text/sounding_48327_2024-03-27_06Z.txt,/content/drive/MyDrive/Teaching_AirQuality/ChiangMai_Sounding_48327_MarApr2024/01_profiles_csv/sounding_48327_2024-03-27_06Z.csv,https://weather.uwyo.edu/wsgi/sounding
48327,2024-03-27 12:00:00,2024-03-27 19:00:00,2024-03-27,12,19,error,HTTP 404,,,,,,,,,,/content/drive/MyDrive/Teaching_AirQuality/ChiangMai_Sounding_48327_MarApr2024/00_raw_text/sounding_48327_2024-03-27_12Z.txt,/content/drive/MyDrive/Teaching_AirQuality/ChiangMai_Sounding_48327_MarApr2024/01_profiles_csv/sounding_48327_2024-03-27_12Z.csv,https://weather.uwyo.edu/wsgi/sounding
48327,2024-03-28 00:00:00,2024-03-28 07:00:00,2024-03-28,0,7,downloaded,downloaded and parsed successfully,78.0,978.0,32.2,23324.0,True,78.0,78.0,78.0,m/s,/content/drive/MyDrive/Teaching_AirQuality/ChiangMai_Sounding_48327_MarApr2024/00_raw_text/sounding_48327_2024-03-28_00Z.txt,/content/drive/MyDrive/Teaching_AirQuality/ChiangMai_Sounding_48327_MarApr2024/01_profiles_csv/sounding_48327_2024-03-28_00Z.csv,https://weather.uwyo.edu/wsgi/sounding
48327,2024-03-28 06:00:00,2024-03-28 13:00:00,2024-03-28,6,13,error,HTTP 404,,,,,,,,,,/content/drive/MyDrive/Teaching_AirQuality/ChiangMai_Sounding_48327_MarApr2024/00_raw_text/sounding_48327_2024-03-28_06Z.txt,/content/drive/MyDrive/Teaching_AirQuality/ChiangMai_Sounding_48327_MarApr2024/01_profiles_csv/sounding_48327_2024-03-28_06Z.csv,https://weather.uwyo.edu/wsgi/sounding
48327,2024-03-28 12:00:00,2024-03-28 19:00:00,2024-03-28,12,19,error,HTTP 404,,,,,,,,,,/content/drive/MyDrive/Teaching_AirQuality/ChiangMai_Sounding_48327_MarApr2024/00_raw_text/sounding_48327_2024-03-28_12Z.txt,/content/drive/MyDrive/Teaching_AirQuality/ChiangMai_Sounding_48327_MarApr2024/01_profiles_csv/sounding_48327_2024-03-28_12Z.csv,https://weather.uwyo.edu/wsgi/sounding
48327,2024-03-29 00:00:00,2024-03-29 07:00:00,2024-03-29,0,7,downloaded,downloaded and parsed successfully,84.0,977.0,29.5,23836.0,True,84.0,84.0,83.0,m/s,/content/drive/MyDrive/Teaching_AirQuality/ChiangMai_Sounding_48327_MarApr2024/00_raw_text/sounding_48327_2024-03-29_00Z.txt,/content/drive/MyDrive/Teaching_AirQuality/ChiangMai_Sounding_48327_MarApr2024/01_profiles_csv/sounding_48327_2024-03-29_00Z.csv,https://weather.uwyo.edu/wsgi/sounding
48327,2024-03-29 06:00:00,2024-03-29 13:00:00,2024-03-29,6,13,error,HTTP 404,,,,,,,,,,/content/drive/MyDrive/Teaching_AirQuality/ChiangMai_Sounding_48327_MarApr2024/00_raw_text/sounding_48327_2024-03-29_06Z.txt,/content/drive/MyDrive/Teaching_AirQuality/ChiangMai_Sounding_48327_MarApr2024/01_profiles_csv/sounding_48327_2024-03-29_06Z.csv,https://weather.uwyo.edu/wsgi/sounding
48327,2024-03-29 12:00:00,2024-03-29 19:00:00,2024-03-29,12,19,error,HTTP 404,,,,,,,,,,/content/drive/MyDrive/Teaching_AirQuality/ChiangMai_Sounding_48327_MarApr2024/00_raw_text/sounding_48327_2024-03-29_12Z.txt,/content/drive/MyDrive/Teaching_AirQuality/ChiangMai_Sounding_48327_MarApr2024/01_profiles_csv/sounding_48327_2024-03-29_12Z.csv,https://weather.uwyo.edu/wsgi/sounding
48327,2024-03-30 00:00:00,2024-03-30 07:00:00,2024-03-30,0,7,downloaded,downloaded and parsed successfully,87.0,978.0,24.7,24994.0,True,87.0,87.0,86.0,m/s,/content/drive/MyDrive/Teaching_AirQuality/ChiangMai_Sounding_48327_MarApr2024/00_raw_text/sounding_48327_2024-03-30_00Z.txt,/content/drive/MyDrive/Teaching_AirQuality/ChiangMai_Sounding_48327_MarApr2024/01_profiles_csv/sounding_48327_2024-03-30_00Z.csv,https://weather.uwyo.edu/wsgi/sounding
48327,2024-03-30 06:00:00,2024-03-30 13:00:00,2024-03-30,6,13,error,HTTP 404,,,,,,,,,,/content/drive/MyDrive/Teaching_AirQuality/ChiangMai_Sounding_48327_MarApr2024/00_raw_text/sounding_48327_2024-03-30_06Z.txt,/content/drive/MyDrive/Teaching_AirQuality/ChiangMai_Sounding_48327_MarApr2024/01_profiles_csv/sounding_48327_2024-03-30_06Z.csv,https://weather.uwyo.edu/wsgi/sounding
48327,2024-03-30 12:00:00,2024-03-30 19:00:00,2024-03-30,12,19,error,HTTP 404,,,,,,,,,,/content/drive/MyDrive/Teaching_AirQuality/ChiangMai_Sounding_48327_MarApr2024/00_raw_text/sounding_48327_2024-03-30_12Z.txt,/content/drive/MyDrive/Teaching_AirQuality/ChiangMai_Sounding_48327_MarApr2024/01_profiles_csv/sounding_48327_2024-03-30_12Z.csv,https://weather.uwyo.edu/wsgi/sounding
48327,2024-03-31 00:00:00,2024-03-31 07:00:00,2024-03-31,0,7,downloaded,downloaded and parsed successfully,80.0,978.0,25.1,24933.0,True,80.0,80.0,80.0,m/s,/content/drive/MyDrive/Teaching_AirQuality/ChiangMai_Sounding_48327_MarApr2024/00_raw_text/sounding_48327_2024-03-31_00Z.txt,/content/drive/MyDrive/Teaching_AirQuality/ChiangMai_Sounding_48327_MarApr2024/01_profiles_csv/sounding_48327_2024-03-31_00Z.csv,https://weather.uwyo.edu/wsgi/sounding
48327,2024-03-31 06:00:00,2024-03-31 13:00:00,2024-03-31,6,13,error,HTTP 404,,,,,,,,,,/content/drive/MyDrive/Teaching_AirQuality/ChiangMai_Sounding_48327_MarApr2024/00_raw_text/sounding_48327_2024-03-31_06Z.txt,/content/drive/MyDrive/Teaching_AirQuality/ChiangMai_Sounding_48327_MarApr2024/01_profiles_csv/sounding_48327_2024-03-31_06Z.csv,https://weather.uwyo.edu/wsgi/sounding
48327,2024-03-31 12:00:00,2024-03-31 19:00:00,2024-03-31,12,19,error,HTTP 404,,,,,,,,,,/content/drive/MyDrive/Teaching_AirQuality/ChiangMai_Sounding_48327_MarApr2024/00_raw_text/sounding_48327_2024-03-31_12Z.txt,/content/drive/MyDrive/Teaching_AirQuality/ChiangMai_Sounding_48327_MarApr2024/01_profiles_csv/sounding_48327_2024-03-31_12Z.csv,https://weather.uwyo.edu/wsgi/sounding
48327,2024-04-01 00:00:00,2024-04-01 07:00:00,2024-04-01,0,7,downloaded,downloaded and parsed successfully,93.0,975.0,26.8,24468.0,True,93.0,93.0,92.0,m/s,/content/drive/MyDrive/Teaching_AirQuality/ChiangMai_Sounding_48327_MarApr2024/00_raw_text/sounding_48327_2024-04-01_00Z.txt,/content/drive/MyDrive/Teaching_AirQuality/ChiangMai_Sounding_48327_MarApr2024/01_profiles_csv/sounding_48327_2024-04-01_00Z.csv,https://weather.uwyo.edu/wsgi/sounding
48327,2024-04-01 06:00:00,2024-04-01 13:00:00,2024-04-01,6,13,error,HTTP 404,,,,,,,,,,/content/drive/MyDrive/Teaching_AirQuality/ChiangMai_Sounding_48327_MarApr2024/00_raw_text/sounding_48327_2024-04-01_06Z.txt,/content/drive/MyDrive/Teaching_AirQuality/ChiangMai_Sounding_48327_MarApr2024/01_profiles_csv/sounding_48327_2024-04-01_06Z.csv,https://weather.uwyo.edu/wsgi/sounding
48327,2024-04-01 12:00:00,2024-04-01 19:00:00,2024-04-01,12,19,error,HTTP 404,,,,,,,,,,/content/drive/MyDrive/Teaching_AirQuality/ChiangMai_Sounding_48327_MarApr2024/00_raw_text/sounding_48327_2024-04-01_12Z.txt,/content/drive/MyDrive/Teaching_AirQuality/ChiangMai_Sounding_48327_MarApr2024/01_profiles_csv/sounding_48327_2024-04-01_12Z.csv,https://weather.uwyo.edu/wsgi/sounding
48327,2024-04-02 00:00:00,2024-04-02 07:00:00,2024-04-02,0,7,downloaded,downloaded and parsed successfully,77.0,973.0,35.3,22751.0,True,77.0,77.0,77.0,m/s,/content/drive/MyDrive/Teaching_AirQuality/ChiangMai_Sounding_48327_MarApr2024/00_raw_text/sounding_48327_2024-04-02_00Z.txt,/content/drive/MyDrive/Teaching_AirQuality/ChiangMai_Sounding_48327_MarApr2024/01_profiles_csv/sounding_48327_2024-04-02_00Z.csv,https://weather.uwyo.edu/wsgi/sounding
48327,2024-04-02 06:00:00,2024-04-02 13:00:00,2024-04-02,6,13,error,HTTP 404,,,,,,,,,,/content/drive/MyDrive/Teaching_AirQuality/ChiangMai_Sounding_48327_MarApr2024/00_raw_text/sounding_48327_2024-04-02_06Z.txt,/content/drive/MyDrive/Teaching_AirQuality/ChiangMai_Sounding_48327_MarApr2024/01_profiles_csv/sounding_48327_2024-04-02_06Z.csv,https://weather.uwyo.edu/wsgi/sounding
48327,2024-04-02 12:00:00,2024-04-02 19:00:00,2024-04-02,12,19,error,HTTP 404,,,,,,,,,,/content/drive/MyDrive/Teaching_AirQuality/ChiangMai_Sounding_48327_MarApr2024/00_raw_text/sounding_48327_2024-04-02_12Z.txt,/content/drive/MyDrive/Teaching_AirQuality/ChiangMai_Sounding_48327_MarApr2024/01_profiles_csv/sounding_48327_2024-04-02_12Z.csv,https://weather.uwyo.edu/wsgi/sounding
48327,2024-04-03 00:00:00,2024-04-03 07:00:00,2024-04-03,0,7,downloaded,downloaded and parsed successfully,95.0,975.0,29.7,23834.0,True,95.0,95.0,94.0,m/s,/content/drive/MyDrive/Teaching_AirQuality/ChiangMai_Sounding_48327_MarApr2024/00_raw_text/sounding_48327_2024-04-03_00Z.txt,/content/drive/MyDrive/Teaching_AirQuality/ChiangMai_Sounding_48327_MarApr2024/01_profiles_csv/sounding_48327_2024-04-03_00Z.csv,https://weather.uwyo.edu/wsgi/sounding
48327,2024-04-03 06:00:00,2024-04-03 13:00:00,2024-04-03,6,13,error,HTTP 404,,,,,,,,,,/content/drive/MyDrive/Teaching_AirQuality/ChiangMai_Sounding_48327_MarApr2024/00_raw_text/sounding_48327_2024-04-03_06Z.txt,/content/drive/MyDrive/Teaching_AirQuality/ChiangMai_Sounding_48327_MarApr2024/01_profiles_csv/sounding_48327_2024-04-03_06Z.csv,https://weather.uwyo.edu/wsgi/sounding
48327,2024-04-03 12:00:00,2024-04-03 19:00:00,2024-04-03,12,19,error,HTTP 404,,,,,,,,,,/content/drive/MyDrive/Teaching_AirQuality/ChiangMai_Sounding_48327_MarApr2024/00_raw_text/sounding_48327_2024-04-03_12Z.txt,/content/drive/MyDrive/Teaching_AirQuality/ChiangMai_Sounding_48327_MarApr2024/01_profiles_csv/sounding_48327_2024-04-03_12Z.csv,https://weather.uwyo.edu/wsgi/sounding
48327,2024-04-04 00:00:00,2024-04-04 07:00:00,2024-04-04,0,7,downloaded,downloaded and parsed successfully,87.0,973.0,29.6,23863.0,True,87.0,87.0,86.0,m/s,/content/drive/MyDrive/Teaching_AirQuality/ChiangMai_Sounding_48327_MarApr2024/00_raw_text/sounding_48327_2024-04-04_00Z.txt,/content/drive/MyDrive/Teaching_AirQuality/ChiangMai_Sounding_48327_MarApr2024/01_profiles_csv/sounding_48327_2024-04-04_00Z.csv,https://weather.uwyo.edu/wsgi/sounding
48327,2024-04-04 06:00:00,2024-04-04 13:00:00,2024-04-04,6,13,error,HTTP 404,,,,,,,,,,/content/drive/MyDrive/Teaching_AirQuality/ChiangMai_Sounding_48327_MarApr2024/00_raw_text/sounding_48327_2024-04-04_06Z.txt,/content/drive/MyDrive/Teaching_AirQuality/ChiangMai_Sounding_48327_MarApr2024/01_profiles_csv/sounding_48327_2024-04-04_06Z.csv,https://weather.uwyo.edu/wsgi/sounding
48327,2024-04-04 12:00:00,2024-04-04 19:00:00,2024-04-04,12,19,error,HTTP 404,,,,,,,,,,/content/drive/MyDrive/Teaching_AirQuality/ChiangMai_Sounding_48327_MarApr2024/00_raw_text/sounding_48327_2024-04-04_12Z.txt,/content/drive/MyDrive/Teaching_AirQuality/ChiangMai_Sounding_48327_MarApr2024/01_profiles_csv/sounding_48327_2024-04-04_12Z.csv,https://weather.uwyo.edu/wsgi/sounding
48327,2024-04-05 00:00:00,2024-04-05 07:00:00,2024-04-05,0,7,downloaded,downloaded and parsed successfully,66.0,973.0,23.4,25398.0,True,66.0,66.0,64.0,m/s,/content/drive/MyDrive/Teaching_AirQuality/ChiangMai_Sounding_48327_MarApr2024/00_raw_text/sounding_48327_2024-04-05_00Z.txt,/content/drive/MyDrive/Teaching_AirQuality/ChiangMai_Sounding_48327_MarApr2024/01_profiles_csv/sounding_48327_2024-04-05_00Z.csv,https://weather.uwyo.edu/wsgi/sounding
48327,2024-04-05 06:00:00,2024-04-05 13:00:00,2024-04-05,6,13,error,HTTP 404,,,,,,,,,,/content/drive/MyDrive/Teaching_AirQuality/ChiangMai_Sounding_48327_MarApr2024/00_raw_text/sounding_48327_2024-04-05_06Z.txt,/content/drive/MyDrive/Teaching_AirQuality/ChiangMai_Sounding_48327_MarApr2024/01_profiles_csv/sounding_48327_2024-04-05_06Z.csv,https://weather.uwyo.edu/wsgi/sounding
48327,2024-04-05 12:00:00,2024-04-05 19:00:00,2024-04-05,12,19,error,HTTP 404,,,,,,,,,,/content/drive/MyDrive/Teaching_AirQuality/ChiangMai_Sounding_48327_MarApr2024/00_raw_text/sounding_48327_2024-04-05_12Z.txt,/content/drive/MyDrive/Teaching_AirQuality/ChiangMai_Sounding_48327_MarApr2024/01_profiles_csv/sounding_48327_2024-04-05_12Z.csv,https://weather.uwyo.edu/wsgi/sounding
48327,2024-04-06 00:00:00,2024-04-06 07:00:00,2024-04-06,0,7,downloaded,downloaded and parsed successfully,83.0,974.0,25.8,24773.0,True,83.0,83.0,82.0,m/s,/content/drive/MyDrive/Teaching_AirQuality/ChiangMai_Sounding_48327_MarApr2024/00_raw_text/sounding_48327_2024-04-06_00Z.txt,/content/drive/MyDrive/Teaching_AirQuality/ChiangMai_Sounding_48327_MarApr2024/01_profiles_csv/sounding_48327_2024-04-06_00Z.csv,https://weather.uwyo.edu/wsgi/sounding
48327,2024-04-06 06:00:00,2024-04-06 13:00:00,2024-04-06,6,13,error,HTTP 404,,,,,,,,,,/content/drive/MyDrive/Teaching_AirQuality/ChiangMai_Sounding_48327_MarApr2024/00_raw_text/sounding_48327_2024-04-06_06Z.txt,/content/drive/MyDrive/Teaching_AirQuality/ChiangMai_Sounding_48327_MarApr2024/01_profiles_csv/sounding_48327_2024-04-06_06Z.csv,https://weather.uwyo.edu/wsgi/sounding
48327,2024-04-06 12:00:00,2024-04-06 19:00:00,2024-04-06,12,19,error,HTTP 404,,,,,,,,,,/content/drive/MyDrive/Teaching_AirQuality/ChiangMai_Sounding_48327_MarApr2024/00_raw_text/sounding_48327_2024-04-06_12Z.txt,/content/drive/MyDrive/Teaching_AirQuality/ChiangMai_Sounding_48327_MarApr2024/01_profiles_csv/sounding_48327_2024-04-06_12Z.csv,https://weather.uwyo.edu/wsgi/sounding
48327,2024-04-07 00:00:00,2024-04-07 07:00:00,2024-04-07,0,7,downloaded,downloaded and parsed successfully,62.0,972.0,38.3,22272.0,True,62.0,62.0,62.0,m/s,/content/drive/MyDrive/Teaching_AirQuality/ChiangMai_Sounding_48327_MarApr2024/00_raw_text/sounding_48327_2024-04-07_00Z.txt,/content/drive/MyDrive/Teaching_AirQuality/ChiangMai_Sounding_48327_MarApr2024/01_profiles_csv/sounding_48327_2024-04-07_00Z.csv,https://weather.uwyo.edu/wsgi/sounding
48327,2024-04-07 06:00:00,2024-04-07 13:00:00,2024-04-07,6,13,error,HTTP 404,,,,,,,,,,/content/drive/MyDrive/Teaching_AirQuality/ChiangMai_Sounding_48327_MarApr2024/00_raw_text/sounding_48327_2024-04-07_06Z.txt,/content/drive/MyDrive/Teaching_AirQuality/ChiangMai_Sounding_48327_MarApr2024/01_profiles_csv/sounding_48327_2024-04-07_06Z.csv,https://weather.uwyo.edu/wsgi/sounding
48327,2024-04-07 12:00:00,2024-04-07 19:00:00,2024-04-07,12,19,error,HTTP 404,,,,,,,,,,/content/drive/MyDrive/Teaching_AirQuality/ChiangMai_Sounding_48327_MarApr2024/00_raw_text/sounding_48327_2024-04-07_12Z.txt,/content/drive/MyDrive/Teaching_AirQuality/ChiangMai_Sounding_48327_MarApr2024/01_profiles_csv/sounding_48327_2024-04-07_12Z.csv,https://weather.uwyo.edu/wsgi/sounding
48327,2024-04-08 00:00:00,2024-04-08 07:00:00,2024-04-08,0,7,downloaded,downloaded and parsed successfully,83.0,975.0,26.5,24585.0,True,83.0,83.0,82.0,m/s,/content/drive/MyDrive/Teaching_AirQuality/ChiangMai_Sounding_48327_MarApr2024/00_raw_text/sounding_48327_2024-04-08_00Z.txt,/content/drive/MyDrive/Teaching_AirQuality/ChiangMai_Sounding_48327_MarApr2024/01_profiles_csv/sounding_48327_2024-04-08_00Z.csv,https://weather.uwyo.edu/wsgi/sounding
48327,2024-04-08 06:00:00,2024-04-08 13:00:00,2024-04-08,6,13,error,HTTP 404,,,,,,,,,,/content/drive/MyDrive/Teaching_AirQuality/ChiangMai_Sounding_48327_MarApr2024/00_raw_text/sounding_48327_2024-04-08_06Z.txt,/content/drive/MyDrive/Teaching_AirQuality/ChiangMai_Sounding_48327_MarApr2024/01_profiles_csv/sounding_48327_2024-04-08_06Z.csv,https://weather.uwyo.edu/wsgi/sounding
48327,2024-04-08 12:00:00,2024-04-08 19:00:00,2024-04-08,12,19,error,HTTP 404,,,,,,,,,,/content/drive/MyDrive/Teaching_AirQuality/ChiangMai_Sounding_48327_MarApr2024/00_raw_text/sounding_48327_2024-04-08_12Z.txt,/content/drive/MyDrive/Teaching_AirQuality/ChiangMai_Sounding_48327_MarApr2024/01_profiles_csv/sounding_48327_2024-04-08_12Z.csv,https://weather.uwyo.edu/wsgi/sounding
48327,2024-04-09 00:00:00,2024-04-09 07:00:00,2024-04-09,0,7,downloaded,downloaded and parsed successfully,82.0,975.0,23.2,25449.0,True,82.0,82.0,82.0,m/s,/content/drive/MyDrive/Teaching_AirQuality/ChiangMai_Sounding_48327_MarApr2024/00_raw_text/sounding_48327_2024-04-09_00Z.txt,/content/drive/MyDrive/Teaching_AirQuality/ChiangMai_Sounding_48327_MarApr2024/01_profiles_csv/sounding_48327_2024-04-09_00Z.csv,https://weather.uwyo.edu/wsgi/sounding
48327,2024-04-09 06:00:00,2024-04-09 13:00:00,2024-04-09,6,13,error,HTTP 404,,,,,,,,,,/content/drive/MyDrive/Teaching_AirQuality/ChiangMai_Sounding_48327_MarApr2024/00_raw_text/sounding_48327_2024-04-09_06Z.txt,/content/drive/MyDrive/Teaching_AirQuality/ChiangMai_Sounding_48327_MarApr2024/01_profiles_csv/sounding_48327_2024-04-09_06Z.csv,https://weather.uwyo.edu/wsgi/sounding
48327,2024-04-09 12:00:00,2024-04-09 19:00:00,2024-04-09,12,19,error,HTTP 404,,,,,,,,,,/content/drive/MyDrive/Teaching_AirQuality/ChiangMai_Sounding_48327_MarApr2024/00_raw_text/sounding_48327_2024-04-09_12Z.txt,/content/drive/MyDrive/Teaching_AirQuality/ChiangMai_Sounding_48327_MarApr2024/01_profiles_csv/sounding_48327_2024-04-09_12Z.csv,https://weather.uwyo.edu/wsgi/sounding
48327,2024-04-10 00:00:00,2024-04-10 07:00:00,2024-04-10,0,7,downloaded,downloaded and parsed successfully,71.0,978.0,41.0,21885.0,True,71.0,71.0,71.0,m/s,/content/drive/MyDrive/Teaching_AirQuality/ChiangMai_Sounding_48327_MarApr2024/00_raw_text/sounding_48327_2024-04-10_00Z.txt,/content/drive/MyDrive/Teaching_AirQuality/ChiangMai_Sounding_48327_MarApr2024/01_profiles_csv/sounding_48327_2024-04-10_00Z.csv,https://weather.uwyo.edu/wsgi/sounding
48327,2024-04-10 06:00:00,2024-04-10 13:00:00,2024-04-10,6,13,error,HTTP 404,,,,,,,,,,/content/drive/MyDrive/Teaching_AirQuality/ChiangMai_Sounding_48327_MarApr2024/00_raw_text/sounding_48327_2024-04-10_06Z.txt,/content/drive/MyDrive/Teaching_AirQuality/ChiangMai_Sounding_48327_MarApr2024/01_profiles_csv/sounding_48327_2024-04-10_06Z.csv,https://weather.uwyo.edu/wsgi/sounding
48327,2024-04-10 12:00:00,2024-04-10 19:00:00,2024-04-10,12,19,error,HTTP 404,,,,,,,,,,/content/drive/MyDrive/Teaching_AirQuality/ChiangMai_Sounding_48327_MarApr2024/00_raw_text/sounding_48327_2024-04-10_12Z.txt,/content/drive/MyDrive/Teaching_AirQuality/ChiangMai_Sounding_48327_MarApr2024/01_profiles_csv/sounding_48327_2024-04-10_12Z.csv,https://weather.uwyo.edu/wsgi/sounding
48327,2024-04-11 00:00:00,2024-04-11 07:00:00,2024-04-11,0,7,downloaded,downloaded and parsed successfully,98.0,978.0,30.4,23710.0,True,98.0,98.0,98.0,m/s,/content/drive/MyDrive/Teaching_AirQuality/ChiangMai_Sounding_48327_MarApr2024/00_raw_text/sounding_48327_2024-04-11_00Z.txt,/content/drive/MyDrive/Teaching_AirQuality/ChiangMai_Sounding_48327_MarApr2024/01_profiles_csv/sounding_48327_2024-04-11_00Z.csv,https://weather.uwyo.edu/wsgi/sounding
48327,2024-04-11 06:00:00,2024-04-11 13:00:00,2024-04-11,6,13,error,HTTP 404,,,,,,,,,,/content/drive/MyDrive/Teaching_AirQuality/ChiangMai_Sounding_48327_MarApr2024/00_raw_text/sounding_48327_2024-04-11_06Z.txt,/content/drive/MyDrive/Teaching_AirQuality/ChiangMai_Sounding_48327_MarApr2024/01_profiles_csv/sounding_48327_2024-04-11_06Z.csv,https://weather.uwyo.edu/wsgi/sounding
48327,2024-04-11 12:00:00,2024-04-11 19:00:00,2024-04-11,12,19,error,HTTP 404,,,,,,,,,,/content/drive/MyDrive/Teaching_AirQuality/ChiangMai_Sounding_48327_MarApr2024/00_raw_text/sounding_48327_2024-04-11_12Z.txt,/content/drive/MyDrive/Teaching_AirQuality/ChiangMai_Sounding_48327_MarApr2024/01_profiles_csv/sounding_48327_2024-04-11_12Z.csv,https://weather.uwyo.edu/wsgi/sounding
48327,2024-04-12 00:00:00,2024-04-12 07:00:00,2024-04-12,0,7,downloaded,downloaded and parsed successfully,75.0,976.0,31.3,23539.0,True,75.0,75.0,75.0,m/s,/content/drive/MyDrive/Teaching_AirQuality/ChiangMai_Sounding_48327_MarApr2024/00_raw_text/sounding_48327_2024-04-12_00Z.txt,/content/drive/MyDrive/Teaching_AirQuality/ChiangMai_Sounding_48327_MarApr2024/01_profiles_csv/sounding_48327_2024-04-12_00Z.csv,https://weather.uwyo.edu/wsgi/sounding
48327,2024-04-12 06:00:00,2024-04-12 13:00:00,2024-04-12,6,13,error,HTTP 404,,,,,,,,,,/content/drive/MyDrive/Teaching_AirQuality/ChiangMai_Sounding_48327_MarApr2024/00_raw_text/sounding_48327_2024-04-12_06Z.txt,/content/drive/MyDrive/Teaching_AirQuality/ChiangMai_Sounding_48327_MarApr2024/01_profiles_csv/sounding_48327_2024-04-12_06Z.csv,https://weather.uwyo.edu/wsgi/sounding
48327,2024-04-12 12:00:00,2024-04-12 19:00:00,2024-04-12,12,19,error,HTTP 404,,,,,,,,,,/content/drive/MyDrive/Teaching_AirQuality/ChiangMai_Sounding_48327_MarApr2024/00_raw_text/sounding_48327_2024-04-12_12Z.txt,/content/drive/MyDrive/Teaching_AirQuality/ChiangMai_Sounding_48327_MarApr2024/01_profiles_csv/sounding_48327_2024-04-12_12Z.csv,https://weather.uwyo.edu/wsgi/sounding
48327,2024-04-13 00:00:00,2024-04-13 07:00:00,2024-04-13,0,7,downloaded,downloaded and parsed successfully,73.0,976.0,36.5,22575.0,True,73.0,73.0,72.0,m/s,/content/drive/MyDrive/Teaching_AirQuality/ChiangMai_Sounding_48327_MarApr2024/00_raw_text/sounding_48327_2024-04-13_00Z.txt,/content/drive/MyDrive/Teaching_AirQuality/ChiangMai_Sounding_48327_MarApr2024/01_profiles_csv/sounding_48327_2024-04-13_00Z.csv,https://weather.uwyo.edu/wsgi/sounding
48327,2024-04-13 06:00:00,2024-04-13 13:00:00,2024-04-13,6,13,error,HTTP 404,,,,,,,,,,/content/drive/MyDrive/Teaching_AirQuality/ChiangMai_Sounding_48327_MarApr2024/00_raw_text/sounding_48327_2024-04-13_06Z.txt,/content/drive/MyDrive/Teaching_AirQuality/ChiangMai_Sounding_48327_MarApr2024/01_profiles_csv/sounding_48327_2024-04-13_06Z.csv,https://weather.uwyo.edu/wsgi/sounding
48327,2024-04-13 12:00:00,2024-04-13 19:00:00,2024-04-13,12,19,error,HTTP 404,,,,,,,,,,/content/drive/MyDrive/Teaching_AirQuality/ChiangMai_Sounding_48327_MarApr2024/00_raw_text/sounding_48327_2024-04-13_12Z.txt,/content/drive/MyDrive/Teaching_AirQuality/ChiangMai_Sounding_48327_MarApr2024/01_profiles_csv/sounding_48327_2024-04-13_12Z.csv,https://weather.uwyo.edu/wsgi/sounding
48327,2024-04-14 00:00:00,2024-04-14 07:00:00,2024-04-14,0,7,downloaded,downloaded and parsed successfully,75.0,976.0,32.7,23308.0,True,75.0,75.0,74.0,m/s,/content/drive/MyDrive/Teaching_AirQuality/ChiangMai_Sounding_48327_MarApr2024/00_raw_text/sounding_48327_2024-04-14_00Z.txt,/content/drive/MyDrive/Teaching_AirQuality/ChiangMai_Sounding_48327_MarApr2024/01_profiles_csv/sounding_48327_2024-04-14_00Z.csv,https://weather.uwyo.edu/wsgi/sounding
48327,2024-04-14 06:00:00,2024-04-14 13:00:00,2024-04-14,6,13,error,HTTP 404,,,,,,,,,,/content/drive/MyDrive/Teaching_AirQuality/ChiangMai_Sounding_48327_MarApr2024/00_raw_text/sounding_48327_2024-04-14_06Z.txt,/content/drive/MyDrive/Teaching_AirQuality/ChiangMai_Sounding_48327_MarApr2024/01_profiles_csv/sounding_48327_2024-04-14_06Z.csv,https://weather.uwyo.edu/wsgi/sounding
48327,2024-04-14 12:00:00,2024-04-14 19:00:00,2024-04-14,12,19,error,HTTP 404,,,,,,,,,,/content/drive/MyDrive/Teaching_AirQuality/ChiangMai_Sounding_48327_MarApr2024/00_raw_text/sounding_48327_2024-04-14_12Z.txt,/content/drive/MyDrive/Teaching_AirQuality/ChiangMai_Sounding_48327_MarApr2024/01_profiles_csv/sounding_48327_2024-04-14_12Z.csv,https://weather.uwyo.edu/wsgi/sounding
48327,2024-04-15 00:00:00,2024-04-15 07:00:00,2024-04-15,0,7,downloaded,downloaded and parsed successfully,75.0,977.0,35.6,22788.0,True,75.0,75.0,74.0,m/s,/content/drive/MyDrive/Teaching_AirQuality/ChiangMai_Sounding_48327_MarApr2024/00_raw_text/sounding_48327_2024-04-15_00Z.txt,/content/drive/MyDrive/Teaching_AirQuality/ChiangMai_Sounding_48327_MarApr2024/01_profiles_csv/sounding_48327_2024-04-15_00Z.csv,https://weather.uwyo.edu/wsgi/sounding
48327,2024-04-15 06:00:00,2024-04-15 13:00:00,2024-04-15,6,13,error,HTTP 404,,,,,,,,,,/content/drive/MyDrive/Teaching_AirQuality/ChiangMai_Sounding_48327_MarApr2024/00_raw_text/sounding_48327_2024-04-15_06Z.txt,/content/drive/MyDrive/Teaching_AirQuality/ChiangMai_Sounding_48327_MarApr2024/01_profiles_csv/sounding_48327_2024-04-15_06Z.csv,https://weather.uwyo.edu/wsgi/sounding
48327,2024-04-15 12:00:00,2024-04-15 19:00:00,2024-04-15,12,19,error,HTTP 404,,,,,,,,,,/content/drive/MyDrive/Teaching_AirQuality/ChiangMai_Sounding_48327_MarApr2024/00_raw_text/sounding_48327_2024-04-15_12Z.txt,/content/drive/MyDrive/Teaching_AirQuality/ChiangMai_Sounding_48327_MarApr2024/01_profiles_csv/sounding_48327_2024-04-15_12Z.csv,https://weather.uwyo.edu/wsgi/sounding
48327,2024-04-16 00:00:00,2024-04-16 07:00:00,2024-04-16,0,7,downloaded,downloaded and parsed successfully,86.0,976.0,33.5,23139.0,True,86.0,86.0,85.0,m/s,/content/drive/MyDrive/Teaching_AirQuality/ChiangMai_Sounding_48327_MarApr2024/00_raw_text/sounding_48327_2024-04-16_00Z.txt,/content/drive/MyDrive/Teaching_AirQuality/ChiangMai_Sounding_48327_MarApr2024/01_profiles_csv/sounding_48327_2024-04-16_00Z.csv,https://weather.uwyo.edu/wsgi/sounding
48327,2024-04-16 06:00:00,2024-04-16 13:00:00,2024-04-16,6,13,error,HTTP 404,,,,,,,,,,/content/drive/MyDrive/Teaching_AirQuality/ChiangMai_Sounding_48327_MarApr2024/00_raw_text/sounding_48327_2024-04-16_06Z.txt,/content/drive/MyDrive/Teaching_AirQuality/ChiangMai_Sounding_48327_MarApr2024/01_profiles_csv/sounding_48327_2024-04-16_06Z.csv,https://weather.uwyo.edu/wsgi/sounding
48327,2024-04-16 12:00:00,2024-04-16 19:00:00,2024-04-16,12,19,error,HTTP 404,,,,,,,,,,/content/drive/MyDrive/Teaching_AirQuality/ChiangMai_Sounding_48327_MarApr2024/00_raw_text/sounding_48327_2024-04-16_12Z.txt,/content/drive/MyDrive/Teaching_AirQuality/ChiangMai_Sounding_48327_MarApr2024/01_profiles_csv/sounding_48327_2024-04-16_12Z.csv,https://weather.uwyo.edu/wsgi/sounding
48327,2024-04-17 00:00:00,2024-04-17 07:00:00,2024-04-17,0,7,downloaded,downloaded and parsed successfully,70.0,974.0,53.7,20227.0,True,70.0,70.0,69.0,m/s,/content/drive/MyDrive/Teaching_AirQuality/ChiangMai_Sounding_48327_MarApr2024/00_raw_text/sounding_48327_2024-04-17_00Z.txt,/content/drive/MyDrive/Teaching_AirQuality/ChiangMai_Sounding_48327_MarApr2024/01_profiles_csv/sounding_48327_2024-04-17_00Z.csv,https://weather.uwyo.edu/wsgi/sounding
48327,2024-04-17 06:00:00,2024-04-17 13:00:00,2024-04-17,6,13,error,HTTP 404,,,,,,,,,,/content/drive/MyDrive/Teaching_AirQuality/ChiangMai_Sounding_48327_MarApr2024/00_raw_text/sounding_48327_2024-04-17_06Z.txt,/content/drive/MyDrive/Teaching_AirQuality/ChiangMai_Sounding_48327_MarApr2024/01_profiles_csv/sounding_48327_2024-04-17_06Z.csv,https://weather.uwyo.edu/wsgi/sounding
48327,2024-04-17 12:00:00,2024-04-17 19:00:00,2024-04-17,12,19,error,HTTP 404,,,,,,,,,,/content/drive/MyDrive/Teaching_AirQuality/ChiangMai_Sounding_48327_MarApr2024/00_raw_text/sounding_48327_2024-04-17_12Z.txt,/content/drive/MyDrive/Teaching_AirQuality/ChiangMai_Sounding_48327_MarApr2024/01_profiles_csv/sounding_48327_2024-04-17_12Z.csv,https://weather.uwyo.edu/wsgi/sounding
48327,2024-04-18 00:00:00,2024-04-18 07:00:00,2024-04-18,0,7,downloaded,downloaded and parsed successfully,85.0,973.0,28.6,24159.0,True,85.0,85.0,84.0,m/s,/content/drive/MyDrive/Teaching_AirQuality/ChiangMai_Sounding_48327_MarApr2024/00_raw_text/sounding_48327_2024-04-18_00Z.txt,/content/drive/MyDrive/Teaching_AirQuality/ChiangMai_Sounding_48327_MarApr2024/01_profiles_csv/sounding_48327_2024-04-18_00Z.csv,https://weather.uwyo.edu/wsgi/sounding
48327,2024-04-18 06:00:00,2024-04-18 13:00:00,2024-04-18,6,13,error,HTTP 404,,,,,,,,,,/content/drive/MyDrive/Teaching_AirQuality/ChiangMai_Sounding_48327_MarApr2024/00_raw_text/sounding_48327_2024-04-18_06Z.txt,/content/drive/MyDrive/Teaching_AirQuality/ChiangMai_Sounding_48327_MarApr2024/01_profiles_csv/sounding_48327_2024-04-18_06Z.csv,https://weather.uwyo.edu/wsgi/sounding
48327,2024-04-18 12:00:00,2024-04-18 19:00:00,2024-04-18,12,19,error,HTTP 404,,,,,,,,,,/content/drive/MyDrive/Teaching_AirQuality/ChiangMai_Sounding_48327_MarApr2024/00_raw_text/sounding_48327_2024-04-18_12Z.txt,/content/drive/MyDrive/Teaching_AirQuality/ChiangMai_Sounding_48327_MarApr2024/01_profiles_csv/sounding_48327_2024-04-18_12Z.csv,https://weather.uwyo.edu/wsgi/sounding
48327,2024-04-19 00:00:00,2024-04-19 07:00:00,2024-04-19,0,7,downloaded,downloaded and parsed successfully,85.0,972.0,40.7,21942.0,True,85.0,85.0,84.0,m/s,/content/drive/MyDrive/Teaching_AirQuality/ChiangMai_Sounding_48327_MarApr2024/00_raw_text/sounding_48327_2024-04-19_00Z.txt,/content/drive/MyDrive/Teaching_AirQuality/ChiangMai_Sounding_48327_MarApr2024/01_profiles_csv/sounding_48327_2024-04-19_00Z.csv,https://weather.uwyo.edu/wsgi/sounding
48327,2024-04-19 06:00:00,2024-04-19 13:00:00,2024-04-19,6,13,error,HTTP 404,,,,,,,,,,/content/drive/MyDrive/Teaching_AirQuality/ChiangMai_Sounding_48327_MarApr2024/00_raw_text/sounding_48327_2024-04-19_06Z.txt,/content/drive/MyDrive/Teaching_AirQuality/ChiangMai_Sounding_48327_MarApr2024/01_profiles_csv/sounding_48327_2024-04-19_06Z.csv,https://weather.uwyo.edu/wsgi/sounding
48327,2024-04-19 12:00:00,2024-04-19 19:00:00,2024-04-19,12,19,error,HTTP 404,,,,,,,,,,/content/drive/MyDrive/Teaching_AirQuality/ChiangMai_Sounding_48327_MarApr2024/00_raw_text/sounding_48327_2024-04-19_12Z.txt,/content/drive/MyDrive/Teaching_AirQuality/ChiangMai_Sounding_48327_MarApr2024/01_profiles_csv/sounding_48327_2024-04-19_12Z.csv,https://weather.uwyo.edu/wsgi/sounding
48327,2024-04-20 00:00:00,2024-04-20 07:00:00,2024-04-20,0,7,downloaded,downloaded and parsed successfully,75.0,972.0,22.2,25805.0,True,75.0,75.0,75.0,m/s,/content/drive/MyDrive/Teaching_AirQuality/ChiangMai_Sounding_48327_MarApr2024/00_raw_text/sounding_48327_2024-04-20_00Z.txt,/content/drive/MyDrive/Teaching_AirQuality/ChiangMai_Sounding_48327_MarApr2024/01_profiles_csv/sounding_48327_2024-04-20_00Z.csv,https://weather.uwyo.edu/wsgi/sounding
48327,2024-04-20 06:00:00,2024-04-20 13:00:00,2024-04-20,6,13,error,HTTP 404,,,,,,,,,,/content/drive/MyDrive/Teaching_AirQuality/ChiangMai_Sounding_48327_MarApr2024/00_raw_text/sounding_48327_2024-04-20_06Z.txt,/content/drive/MyDrive/Teaching_AirQuality/ChiangMai_Sounding_48327_MarApr2024/01_profiles_csv/sounding_48327_2024-04-20_06Z.csv,https://weather.uwyo.edu/wsgi/sounding
48327,2024-04-20 12:00:00,2024-04-20 19:00:00,2024-04-20,12,19,error,HTTP 404,,,,,,,,,,/content/drive/MyDrive/Teaching_AirQuality/ChiangMai_Sounding_48327_MarApr2024/00_raw_text/sounding_48327_2024-04-20_12Z.txt,/content/drive/MyDrive/Teaching_AirQuality/ChiangMai_Sounding_48327_MarApr2024/01_profiles_csv/sounding_48327_2024-04-20_12Z.csv,https://weather.uwyo.edu/wsgi/sounding
48327,2024-04-21 00:00:00,2024-04-21 07:00:00,2024-04-21,0,7,downloaded,downloaded and parsed successfully,80.0,973.0,40.9,21896.0,True,80.0,80.0,79.0,m/s,/content/drive/MyDrive/Teaching_AirQuality/ChiangMai_Sounding_48327_MarApr2024/00_raw_text/sounding_48327_2024-04-21_00Z.txt,/content/drive/MyDrive/Teaching_AirQuality/ChiangMai_Sounding_48327_MarApr2024/01_profiles_csv/sounding_48327_2024-04-21_00Z.csv,https://weather.uwyo.edu/wsgi/sounding
48327,2024-04-21 06:00:00,2024-04-21 13:00:00,2024-04-21,6,13,error,HTTP 404,,,,,,,,,,/content/drive/MyDrive/Teaching_AirQuality/ChiangMai_Sounding_48327_MarApr2024/00_raw_text/sounding_48327_2024-04-21_06Z.txt,/content/drive/MyDrive/Teaching_AirQuality/ChiangMai_Sounding_48327_MarApr2024/01_profiles_csv/sounding_48327_2024-04-21_06Z.csv,https://weather.uwyo.edu/wsgi/sounding
48327,2024-04-21 12:00:00,2024-04-21 19:00:00,2024-04-21,12,19,error,HTTP 404,,,,,,,,,,/content/drive/MyDrive/Teaching_AirQuality/ChiangMai_Sounding_48327_MarApr2024/00_raw_text/sounding_48327_2024-04-21_12Z.txt,/content/drive/MyDrive/Teaching_AirQuality/ChiangMai_Sounding_48327_MarApr2024/01_profiles_csv/sounding_48327_2024-04-21_12Z.csv,https://weather.uwyo.edu/wsgi/sounding
48327,2024-04-22 00:00:00,2024-04-22 07:00:00,2024-04-22,0,7,downloaded,downloaded and parsed successfully,65.0,972.0,39.4,22123.0,True,65.0,65.0,65.0,m/s,/content/drive/MyDrive/Teaching_AirQuality/ChiangMai_Sounding_48327_MarApr2024/00_raw_text/sounding_48327_2024-04-22_00Z.txt,/content/drive/MyDrive/Teaching_AirQuality/ChiangMai_Sounding_48327_MarApr2024/01_profiles_csv/sounding_48327_2024-04-22_00Z.csv,https://weather.uwyo.edu/wsgi/sounding
48327,2024-04-22 06:00:00,2024-04-22 13:00:00,2024-04-22,6,13,error,HTTP 404,,,,,,,,,,/content/drive/MyDrive/Teaching_AirQuality/ChiangMai_Sounding_48327_MarApr2024/00_raw_text/sounding_48327_2024-04-22_06Z.txt,/content/drive/MyDrive/Teaching_AirQuality/ChiangMai_Sounding_48327_MarApr2024/01_profiles_csv/sounding_48327_2024-04-22_06Z.csv,https://weather.uwyo.edu/wsgi/sounding
48327,2024-04-22 12:00:00,2024-04-22 19:00:00,2024-04-22,12,19,error,HTTP 404,,,,,,,,,,/content/drive/MyDrive/Teaching_AirQuality/ChiangMai_Sounding_48327_MarApr2024/00_raw_text/sounding_48327_2024-04-22_12Z.txt,/content/drive/MyDrive/Teaching_AirQuality/ChiangMai_Sounding_48327_MarApr2024/01_profiles_csv/sounding_48327_2024-04-22_12Z.csv,https://weather.uwyo.edu/wsgi/sounding
48327,2024-04-23 00:00:00,2024-04-23 07:00:00,2024-04-23,0,7,downloaded,downloaded and parsed successfully,70.0,972.0,24.4,25178.0,True,70.0,70.0,70.0,m/s,/content/drive/MyDrive/Teaching_AirQuality/ChiangMai_Sounding_48327_MarApr2024/00_raw_text/sounding_48327_2024-04-23_00Z.txt,/content/drive/MyDrive/Teaching_AirQuality/ChiangMai_Sounding_48327_MarApr2024/01_profiles_csv/sounding_48327_2024-04-23_00Z.csv,https://weather.uwyo.edu/wsgi/sounding
48327,2024-04-23 06:00:00,2024-04-23 13:00:00,2024-04-23,6,13,error,HTTP 404,,,,,,,,,,/content/drive/MyDrive/Teaching_AirQuality/ChiangMai_Sounding_48327_MarApr2024/00_raw_text/sounding_48327_2024-04-23_06Z.txt,/content/drive/MyDrive/Teaching_AirQuality/ChiangMai_Sounding_48327_MarApr2024/01_profiles_csv/sounding_48327_2024-04-23_06Z.csv,https://weather.uwyo.edu/wsgi/sounding
48327,2024-04-23 12:00:00,2024-04-23 19:00:00,2024-04-23,12,19,error,HTTP 404,,,,,,,,,,/content/drive/MyDrive/Teaching_AirQuality/ChiangMai_Sounding_48327_MarApr2024/00_raw_text/sounding_48327_2024-04-23_12Z.txt,/content/drive/MyDrive/Teaching_AirQuality/ChiangMai_Sounding_48327_MarApr2024/01_profiles_csv/sounding_48327_2024-04-23_12Z.csv,https://weather.uwyo.edu/wsgi/sounding
48327,2024-04-24 00:00:00,2024-04-24 07:00:00,2024-04-24,0,7,downloaded,downloaded and parsed successfully,78.0,971.0,24.7,25068.0,True,78.0,78.0,77.0,m/s,/content/drive/MyDrive/Teaching_AirQuality/ChiangMai_Sounding_48327_MarApr2024/00_raw_text/sounding_48327_2024-04-24_00Z.txt,/content/drive/MyDrive/Teaching_AirQuality/ChiangMai_Sounding_48327_MarApr2024/01_profiles_csv/sounding_48327_2024-04-24_00Z.csv,https://weather.uwyo.edu/wsgi/sounding
48327,2024-04-24 06:00:00,2024-04-24 13:00:00,2024-04-24,6,13,error,HTTP 404,,,,,,,,,,/content/drive/MyDrive/Teaching_AirQuality/ChiangMai_Sounding_48327_MarApr2024/00_raw_text/sounding_48327_2024-04-24_06Z.txt,/content/drive/MyDrive/Teaching_AirQuality/ChiangMai_Sounding_48327_MarApr2024/01_profiles_csv/sounding_48327_2024-04-24_06Z.csv,https://weather.uwyo.edu/wsgi/sounding
48327,2024-04-24 12:00:00,2024-04-24 19:00:00,2024-04-24,12,19,error,HTTP 404,,,,,,,,,,/content/drive/MyDrive/Teaching_AirQuality/ChiangMai_Sounding_48327_MarApr2024/00_raw_text/sounding_48327_2024-04-24_12Z.txt,/content/drive/MyDrive/Teaching_AirQuality/ChiangMai_Sounding_48327_MarApr2024/01_profiles_csv/sounding_48327_2024-04-24_12Z.csv,https://weather.uwyo.edu/wsgi/sounding
48327,2024-04-25 00:00:00,2024-04-25 07:00:00,2024-04-25,0,7,downloaded,downloaded and parsed successfully,65.0,972.0,24.3,25171.0,True,65.0,65.0,65.0,m/s,/content/drive/MyDrive/Teaching_AirQuality/ChiangMai_Sounding_48327_MarApr2024/00_raw_text/sounding_48327_2024-04-25_00Z.txt,/content/drive/MyDrive/Teaching_AirQuality/ChiangMai_Sounding_48327_MarApr2024/01_profiles_csv/sounding_48327_2024-04-25_00Z.csv,https://weather.uwyo.edu/wsgi/sounding
48327,2024-04-25 06:00:00,2024-04-25 13:00:00,2024-04-25,6,13,error,HTTP 404,,,,,,,,,,/content/drive/MyDrive/Teaching_AirQuality/ChiangMai_Sounding_48327_MarApr2024/00_raw_text/sounding_48327_2024-04-25_06Z.txt,/content/drive/MyDrive/Teaching_AirQuality/ChiangMai_Sounding_48327_MarApr2024/01_profiles_csv/sounding_48327_2024-04-25_06Z.csv,https://weather.uwyo.edu/wsgi/sounding
48327,2024-04-25 12:00:00,2024-04-25 19:00:00,2024-04-25,12,19,error,HTTP 404,,,,,,,,,,/content/drive/MyDrive/Teaching_AirQuality/ChiangMai_Sounding_48327_MarApr2024/00_raw_text/sounding_48327_2024-04-25_12Z.txt,/content/drive/MyDrive/Teaching_AirQuality/ChiangMai_Sounding_48327_MarApr2024/01_profiles_csv/sounding_48327_2024-04-25_12Z.csv,https://weather.uwyo.edu/wsgi/sounding
48327,2024-04-26 00:00:00,2024-04-26 07:00:00,2024-04-26,0,7,downloaded,downloaded and parsed successfully,73.0,971.0,29.1,24014.0,True,73.0,73.0,73.0,m/s,/content/drive/MyDrive/Teaching_AirQuality/ChiangMai_Sounding_48327_MarApr2024/00_raw_text/sounding_48327_2024-04-26_00Z.txt,/content/drive/MyDrive/Teaching_AirQuality/ChiangMai_Sounding_48327_MarApr2024/01_profiles_csv/sounding_48327_2024-04-26_00Z.csv,https://weather.uwyo.edu/wsgi/sounding
48327,2024-04-26 06:00:00,2024-04-26 13:00:00,2024-04-26,6,13,error,HTTP 404,,,,,,,,,,/content/drive/MyDrive/Teaching_AirQuality/ChiangMai_Sounding_48327_MarApr2024/00_raw_text/sounding_48327_2024-04-26_06Z.txt,/content/drive/MyDrive/Teaching_AirQuality/ChiangMai_Sounding_48327_MarApr2024/01_profiles_csv/sounding_48327_2024-04-26_06Z.csv,https://weather.uwyo.edu/wsgi/sounding
48327,2024-04-26 12:00:00,2024-04-26 19:00:00,2024-04-26,12,19,error,HTTP 404,,,,,,,,,,/content/drive/MyDrive/Teaching_AirQuality/ChiangMai_Sounding_48327_MarApr2024/00_raw_text/sounding_48327_2024-04-26_12Z.txt,/content/drive/MyDrive/Teaching_AirQuality/ChiangMai_Sounding_48327_MarApr2024/01_profiles_csv/sounding_48327_2024-04-26_12Z.csv,https://weather.uwyo.edu/wsgi/sounding
48327,2024-04-27 00:00:00,2024-04-27 07:00:00,2024-04-27,0,7,downloaded,downloaded and parsed successfully,75.0,973.0,27.0,24558.0,True,75.0,75.0,75.0,m/s,/content/drive/MyDrive/Teaching_AirQuality/ChiangMai_Sounding_48327_MarApr2024/00_raw_text/sounding_48327_2024-04-27_00Z.txt,/content/drive/MyDrive/Teaching_AirQuality/ChiangMai_Sounding_48327_MarApr2024/01_profiles_csv/sounding_48327_2024-04-27_00Z.csv,https://weather.uwyo.edu/wsgi/sounding
48327,2024-04-27 06:00:00,2024-04-27 13:00:00,2024-04-27,6,13,error,HTTP 404,,,,,,,,,,/content/drive/MyDrive/Teaching_AirQuality/ChiangMai_Sounding_48327_MarApr2024/00_raw_text/sounding_48327_2024-04-27_06Z.txt,/content/drive/MyDrive/Teaching_AirQuality/ChiangMai_Sounding_48327_MarApr2024/01_profiles_csv/sounding_48327_2024-04-27_06Z.csv,https://weather.uwyo.edu/wsgi/sounding
48327,2024-04-27 12:00:00,2024-04-27 19:00:00,2024-04-27,12,19,error,HTTP 404,,,,,,,,,,/content/drive/MyDrive/Teaching_AirQuality/ChiangMai_Sounding_48327_MarApr2024/00_raw_text/sounding_48327_2024-04-27_12Z.txt,/content/drive/MyDrive/Teaching_AirQuality/ChiangMai_Sounding_48327_MarApr2024/01_profiles_csv/sounding_48327_2024-04-27_12Z.csv,https://weather.uwyo.edu/wsgi/sounding
48327,2024-04-28 00:00:00,2024-04-28 07:00:00,2024-04-28,0,7,downloaded,downloaded and parsed successfully,64.0,972.0,50.8,20601.0,True,64.0,64.0,63.0,m/s,/content/drive/MyDrive/Teaching_AirQuality/ChiangMai_Sounding_48327_MarApr2024/00_raw_text/sounding_48327_2024-04-28_00Z.txt,/content/drive/MyDrive/Teaching_AirQuality/ChiangMai_Sounding_48327_MarApr2024/01_profiles_csv/sounding_48327_2024-04-28_00Z.csv,https://weather.uwyo.edu/wsgi/sounding
48327,2024-04-28 06:00:00,2024-04-28 13:00:00,2024-04-28,6,13,error,HTTP 404,,,,,,,,,,/content/drive/MyDrive/Teaching_AirQuality/ChiangMai_Sounding_48327_MarApr2024/00_raw_text/sounding_48327_2024-04-28_06Z.txt,/content/drive/MyDrive/Teaching_AirQuality/ChiangMai_Sounding_48327_MarApr2024/01_profiles_csv/sounding_48327_2024-04-28_06Z.csv,https://weather.uwyo.edu/wsgi/sounding
48327,2024-04-28 12:00:00,2024-04-28 19:00:00,2024-04-28,12,19,error,HTTP 404,,,,,,,,,,/content/drive/MyDrive/Teaching_AirQuality/ChiangMai_Sounding_48327_MarApr2024/00_raw_text/sounding_48327_2024-04-28_12Z.txt,/content/drive/MyDrive/Teaching_AirQuality/ChiangMai_Sounding_48327_MarApr2024/01_profiles_csv/sounding_48327_2024-04-28_12Z.csv,https://weather.uwyo.edu/wsgi/sounding
48327,2024-04-29 00:00:00,2024-04-29 07:00:00,2024-04-29,0,7,downloaded,downloaded and parsed successfully,77.0,974.0,33.4,23193.0,True,77.0,77.0,77.0,m/s,/content/drive/MyDrive/Teaching_AirQuality/ChiangMai_Sounding_48327_MarApr2024/00_raw_text/sounding_48327_2024-04-29_00Z.txt,/content/drive/MyDrive/Teaching_AirQuality/ChiangMai_Sounding_48327_MarApr2024/01_profiles_csv/sounding_48327_2024-04-29_00Z.csv,https://weather.uwyo.edu/wsgi/sounding
48327,2024-04-29 06:00:00,2024-04-29 13:00:00,2024-04-29,6,13,error,HTTP 404,,,,,,,,,,/content/drive/MyDrive/Teaching_AirQuality/ChiangMai_Sounding_48327_MarApr2024/00_raw_text/sounding_48327_2024-04-29_06Z.txt,/content/drive/MyDrive/Teaching_AirQuality/ChiangMai_Sounding_48327_MarApr2024/01_profiles_csv/sounding_48327_2024-04-29_06Z.csv,https://weather.uwyo.edu/wsgi/sounding
48327,2024-04-29 12:00:00,2024-04-29 19:00:00,2024-04-29,12,19,error,HTTP 404,,,,,,,,,,/content/drive/MyDrive/Teaching_AirQuality/ChiangMai_Sounding_48327_MarApr2024/00_raw_text/sounding_48327_2024-04-29_12Z.txt,/content/drive/MyDrive/Teaching_AirQuality/ChiangMai_Sounding_48327_MarApr2024/01_profiles_csv/sounding_48327_2024-04-29_12Z.csv,https://weather.uwyo.edu/wsgi/sounding
48327,2024-04-30 00:00:00,2024-04-30 07:00:00,2024-04-30,0,7,downloaded,downloaded and parsed successfully,78.0,971.0,30.4,23803.0,True,78.0,78.0,78.0,m/s,/content/drive/MyDrive/Teaching_AirQuality/ChiangMai_Sounding_48327_MarApr2024/00_raw_text/sounding_48327_2024-04-30_00Z.txt,/content/drive/MyDrive/Teaching_AirQuality/ChiangMai_Sounding_48327_MarApr2024/01_profiles_csv/sounding_48327_2024-04-30_00Z.csv,https://weather.uwyo.edu/wsgi/sounding
48327,2024-04-30 06:00:00,2024-04-30 13:00:00,2024-04-30,6,13,error,HTTP 404,,,,,,,,,,/content/drive/MyDrive/Teaching_AirQuality/ChiangMai_Sounding_48327_MarApr2024/00_raw_text/sounding_48327_2024-04-30_06Z.txt,/content/drive/MyDrive/Teaching_AirQuality/ChiangMai_Sounding_48327_MarApr2024/01_profiles_csv/sounding_48327_2024-04-30_06Z.csv,https://weather.uwyo.edu/wsgi/sounding
48327,2024-04-30 12:00:00,2024-04-30 19:00:00,2024-04-30,12,19,error,HTTP 404,,,,,,,,,,/content/drive/MyDrive/Teaching_AirQuality/ChiangMai_Sounding_48327_MarApr2024/00_raw_text/sounding_48327_2024-04-30_12Z.txt,/content/drive/MyDrive/Teaching_AirQuality/ChiangMai_Sounding_48327_MarApr2024/01_profiles_csv/sounding_48327_2024-04-30_12Z.csv,https://weather.uwyo.edu/wsgi/sounding
